cell,,,,,,,,,,,,,,,,,,,,,,,,,,,,,,,,,,,,,,,,,,,,,,,,,,,,,,,,,,,,,,,,,,,,,,,,,,,,,,,,,,,,,,,,,,,,,,,,,,,,,,,,,,,,,,,,,,,,,,,,,,,,,,,,
COLO320,-0.44,0.18,0.04,-0.64,-1.14,0.12,1.6,-1.01,2.5,-0.06,0.61,-1.13,0.28,1.23,0.49,0.28,-1.71,0.17,1.86,-0.05,1.4,-0.1,-0.55,0.55,1.31,-1.54,-1.02,0.8,1.79,0.26,-0.27,-0.5,-0.27,-0.59,0.1,0.02,-1.36,0.62,-1.46,-0.51,-0.73,-0.64,-0.98,-0.71,0.79,-0.59,1.34,0.28,1.58,-1.56,-0.34,-1.44,0.14,0.79,-0.61,0.31,0.34,0.55,-0.57,1.06,0.98,0.86,-0.36,-2.24,0.36,1.14,1.17,-0.22,-1.27,-0.3,-1.92,0.72,2.02,0.86,-1.47,0.46,-0.16,-1.83,1.35,1.11,1.38,0.97,-0.31,1.9,-1.24,-0.26,0.12,2.45,-1.58,2.3,0.55,-0.8,-2.26,-0.53,0.26,0.1,0.54,-0.05,0.47,-1.4,-0.93,2.41,0.28,-0.17,-0.85,-1.05,1.43,1.72,-0.65,-0.48,0.56,-1.95,-1.55,0.77,-2.5,-0.72,-0.53,2.14,0.72,0.8,0.51,-1.04,0.5,1.13,0.88,1.71,0.65,0.17
ACHN,-0.02,0.57,-0.91,0.52,0.24,-1.01,-0.45,0.86,1.13,0.42,0.11,0.52,0.33,-0.13,1.69,-1.22,0.34,0.42,0.83,-1.6,0.94,2.5,0.67,-0.78,0.25,1.16,-0.19,1.71,1.82,-1.27,0.66,-1.79,1.15,-1.43,0.89,1.08,-0.48,-1.47,0.24,0.4,0.49,-0.38,0.55,0.77,0.79,1.07,0.44,0,0.33,-0.6,-1.86,0.2,1.07,-0.37,-0.12,0.25,-0.82,-0.55,0.42,-0.16,0.65,-0.71,-1.31,0.21,-0.15,0.34,-1.03,-0.21,0.22,-0.65,-0.97,-1.09,-0.27,-1.11,0.24,1.31,-1.53,0.01,-1.53,-0.65,-0.95,0,-0.07,0.06,-0.28,0.44,1.59,-0.53,-0.61,0.2,-1.22,-0.99,-0.88,0.66,0.05,-0.53,0.06,-0.54,0.15,-0.97,-0.93,-0.68,-0.22,-1.13,-0.07,-1.32,0.89,-0.42,0.56,0.08,0.02,1.21,1.72,-0.25,-1.67,1.55,-0.53,2.06,-1.17,-0.81,1.54,1.75,1.8,0.68,2.38,-0.12,-0.41,-0.92
NCIH226,-1.97,-0.68,-0.36,1.9,0.82,-1.38,1.12,0.57,1.68,-0.32,-1,0.54,0.42,0.21,-0.54,0.52,1.05,-0.09,0.75,-1.07,0.35,0.91,-0.52,0.09,-0.52,-0.54,-1.46,-0.29,1.93,1.98,-0.38,1.25,1.76,-1.07,0.04,-0.25,0.29,-1.05,-1.65,0.06,-0.19,-0.5,2.5,-1.41,-0.73,-1.44,1.53,-1.02,-0.34,2.28,0.75,0.64,0.72,-0.46,0.49,-0.48,0.07,0.01,-0.86,0.66,0.2,-1.16,-1.69,-1.18,-0.65,-0.24,-0.25,-0.65,1.36,-0.21,0.45,2,-0.83,-1.37,0.82,0.14,0.5,-0.19,0.58,-1.1,-1.24,1.84,0.5,-0.45,-0.64,-0.36,-0.57,0.37,-0.01,0.27,0.19,-1.29,-0.77,-1,0.97,-0.37,-0.75,1.02,0.97,-0.62,-0.36,1.1,-1.35,0.28,-0.98,-0.42,-0.79,-0.47,0.4,-1.01,-1.07,-0.21,1.71,-0.25,-1.02,0.73,-1.9,0.3,-2.2,-1.12,2.26,1.73,1.38,-0.37,0.56,-1.52,-0.42,0.25
OV90,-1.41,0.25,1.47,0.52,-1.9,1.47,-0.31,-1.15,-0.11,0.89,-0.24,0.86,0.66,0.43,-1.32,-0.44,-0.39,0.2,0.76,-0.64,-1.81,-0.63,-0.51,-0.84,-0.45,-1.37,-1.51,-0.68,1.1,-2.07,-0.64,-0.92,2.37,0.12,-0.02,2.5,0.57,0.24,-0.31,-0.35,-0.9,0.85,-1.73,-0.58,1.66,0.07,-0.55,-0.73,-0.18,-0.65,0.18,-0.18,1.24,-1,0.09,0.86,-1.39,0.65,0.7,0.07,-0.19,0.58,-1.64,0.16,1.1,0.74,1.56,0.48,-0.05,0.65,0.13,0.57,0.66,-1.91,0.49,-0.35,-1.73,-2.05,-0.4,-0.59,2.5,0,-0.49,-1.12,0.53,0.56,1.15,0.21,1.53,0.9,-1.19,1.06,-0.7,0.37,1.69,-2.5,0.48,0.78,-1.05,-0.81,-1.18,-0.8,0.36,1.51,0.45,-1.77,-0.12,0.2,0.15,0.69,1.43,-1.12,-0.32,0.7,-0.73,-0.68,-0.62,1.49,-0.81,-1.49,-1.64,0.08,0.12,0.7,-0.75,0.61,-0.01,-0.05
T47D,0.04,0.19,-0.24,0.52,-0.92,-0.9,0.51,0.38,0.2,0.08,0.05,0.99,1.21,-0.41,1.24,-0.72,0.37,-0.57,-0.6,0.47,0.32,0.93,-0.52,-0.8,-0.68,-0.14,0.88,0.3,1.28,-0.24,0.8,1.71,0.66,-0.18,0.55,-0.43,1.71,0.7,0.07,-0.24,-1,1.05,-0.03,-1.94,1.34,1.66,2.43,0.25,-0.89,0.01,0.51,-0.99,-2.07,2.47,-0.7,1.85,2.5,-0.78,-0.93,0.17,-0.26,-0.29,-0.64,0.14,-0.71,-0.28,-1.02,0.47,0.44,-0.86,-0.47,1.01,-0.81,0.17,0.85,1.14,-1.06,-1.81,-1.06,2.5,0.43,2.03,-0.4,-2.33,-1.24,0.72,-0.15,1.16,-0.01,0.39,1.39,-1.78,1.3,-0.4,-1.32,0.9,-0.07,-0.46,0.28,-0.36,-0.15,-0.57,0.53,0.97,0.03,0.31,-1.13,-2.15,0.75,-1.49,1.02,-2.23,-2.5,-0.81,0.36,-0.29,-0.34,0.04,-0.29,-0.97,0.54,1.46,0.43,0.5,1.23,0.28,-1.2,-0.23
A498,0.43,0.86,1.73,1.28,0.08,-1.11,1.38,2.5,1.76,-1.53,-0.09,0.62,2.14,0.23,0.1,1.02,1.31,0.27,0.73,0.17,0.93,2.05,-0.53,-0.29,1.23,0.72,-1.19,2.28,0.85,0.09,1.01,0.13,0.43,-1.55,-0.27,-0.28,1.58,1.92,-0.11,-2.42,-0.15,0.31,0.14,0.27,-1.06,-0.6,0.18,-0.97,0.11,-0.13,0.77,-1.03,1.66,1.51,1.49,0.71,-0.5,-0.56,1.9,1.26,-0.82,-1.24,0.56,-1.72,-0.9,0.25,0.78,-1.55,-1.65,-1.29,-1.44,-0.8,1.43,-0.57,-0.23,0.98,-0.45,-1.64,0.92,0.83,0.73,1.09,-1.14,1.92,0.26,-0.94,1.03,-0.22,0.18,-2.08,0.09,-1.32,0.2,0.9,0.66,0.65,0.61,0.85,0.08,1.73,-0.45,-0.18,-1.86,-1.03,-0.7,-0.9,2.14,-0.97,0.64,0.77,-1.04,-1.36,-1.53,0.4,0.47,0.66,-1.02,1.47,-0.65,-1.24,-0.12,-0.95,0.09,2.5,0.64,0.87,-0.67,-0.48
LOXIMVI,-0.39,0.43,1.44,0.89,-1.64,0.86,0.04,-1.39,0.26,-0.24,1.47,0.01,-0.61,-0.28,0.29,1.34,0.95,0.26,0.57,-0.5,1.07,0.86,0.37,0.14,-1.64,-0.51,-0.99,0.16,0.18,-0.54,1.24,-0.26,-1.79,0.52,0.88,0,1.13,0.5,0.48,2.5,-1.76,1.02,0.62,0.47,-0.43,1.45,-1.16,-1.56,0.58,0.73,-1.67,-1.62,0.44,-0.25,0.18,0.91,0.78,-1.25,-0.61,1.11,0.24,-0.41,-0.06,-1.17,-2.16,0.18,1,-0.26,-2.06,0.64,0.96,-1.22,1.82,-1.79,0.76,-0.49,-0.51,-0.19,-0.41,0.52,2.16,0.31,0.15,0.25,0.61,-0.08,0.39,-0.01,-1.76,0.19,-1.52,-0.04,2.5,-0.33,0.06,0.98,-0.59,0.68,1.96,1.06,1.76,-0.31,-1.69,-1.39,-0.06,0.39,-1.2,2.13,-0.28,-1.17,1.93,-0.58,0.8,0.36,0.05,-0.07,-0.06,0.64,0.65,-2.08,0.71,-0.08,-0.02,-1.08,-2.02,0.82,-0.01,-0.47
ZR751,-0.92,0.55,0.97,-0.35,-0.1,0.04,0.06,-0.24,-1.6,-0.45,-0.67,1.16,0.37,1.24,0.63,1.01,0.75,1.64,0.19,-0.5,0.12,-0.41,1.03,-0.47,-2.5,-1.6,-1.37,1.46,0.31,0.36,-0.98,1.34,1.08,-0.74,1.39,-0.36,1.89,0.02,-1.75,1.21,-0.36,0.21,-0.02,2.5,-1.43,0.12,0.15,0.84,-0.11,-1.83,-0.03,-0.3,-0.13,-0.78,0.75,0.02,-0.8,0.56,1.02,0.21,-0.62,-0.69,0.83,0.31,1.05,1.72,0.23,-2.26,-0.23,-0.93,2.36,1.23,0.54,-2.5,1.18,0.7,-0.25,-0.44,-1.4,-1.11,-0.71,0.25,-0.16,-0.52,1.08,-1.56,-0.72,1.76,-0.19,1.63,-1.65,0.42,0.65,-1.04,-0.35,1.16,-1.36,-1.01,1.13,0.81,1.08,-0.65,-2.5,-1.47,-0.84,0.12,-1.61,-0.93,0.65,-0.39,-0.43,0.4,0.63,-0.19,-1.28,1.34,1.78,0.96,0.91,0.59,-2.03,-0.58,-1.17,1.39,1.77,0.36,-0.74,-1.08
DU145,2.3,-0.16,-1.61,1.41,-1.21,-1.13,0.29,0.27,1.35,0.11,-1.16,0.8,-0.62,0.82,2.5,-1.78,-0.31,1.82,0.17,-0.05,1.78,1.16,1.57,-0.14,0.76,1.63,1.25,-0.6,-0.52,2.34,0.45,2.3,-0.06,0.95,-0.98,0.8,-0.91,0.73,1.25,-0.48,-0.79,-1.42,-0.47,-1.25,-0.52,0.31,-0.62,-1.66,-0.07,1.96,-1.83,-1.14,0.79,1.45,0.33,-1.7,-1,-0.89,-1.5,-1.85,1.59,-0.3,0,-0.47,-0.12,1.05,0.08,1.59,-1.24,0.15,0.21,1.46,-0.07,-0.34,1.39,1.24,1.37,-0.59,0.89,0.56,0.18,2.1,-0.07,-0.3,-1.17,-0.13,-1.09,-2.5,0.06,0.62,-0.46,-1.26,-0.56,1.27,1.44,1.17,2.04,-2.5,0.12,1.29,-0.44,0.79,-2.5,1.03,2.06,-0.78,-2.5,-0.17,-0.36,0.56,-0.13,-0.44,-1.88,0.22,-0.4,-1.47,1.78,0.84,1.59,-2.5,-0.83,0.18,0.1,0.63,0.45,0.2,-1.76,0.31
L428,0.63,-0.47,-1.57,-0.1,-0.18,-1.78,-2.18,-0.08,-1.1,-1.02,-0.93,0.16,1.16,-0.61,-0.26,-0.83,-0.26,-0.44,0.51,0.92,-0.78,-0.81,-0.08,-0.44,0.63,1.26,-1.04,0.19,-0.34,0.87,0.54,0.27,-0.6,-0.76,-0.55,-0.12,-2.06,-1.08,-0.67,-0.09,0.28,-0.15,0.16,-0.38,-0.7,0.21,-0.91,-0.78,-0.68,0.31,-1.75,-0.61,0.63,-0.6,0.39,0.79,-0.75,1.83,-0.14,-0.81,0.81,1.36,1.11,0.37,-1.57,-0.35,-0.97,-0.18,1.11,1.62,-0.41,-0.4,0.29,0.35,0.28,-0.53,1.03,-1.17,-2.5,0.4,-1.96,1.98,-0.3,-0.02,0.17,2.49,-0.22,-0.04,-0.31,0.52,-0.55,-0.06,1.14,1.21,-1.57,-1.58,-1.97,-1.26,0.9,-0.21,-0.36,-1.65,1.32,1.1,-0.25,-0.31,2.16,-1.34,1.02,1.95,0.71,-1.12,-1.22,1.07,-0.35,0.37,0.06,2.15,1.97,-1.29,-2.1,-0.36,-0.56,2.32,0.03,-1.15,-1.64,1.33
A2058,-0.54,0.38,0.42,1.78,-1.04,-0.5,-0.07,-0.61,1.19,0.28,-0.33,-1.87,0.08,0.1,-0.39,0.43,-1.18,2.5,-0.07,-0.41,1.09,0.56,-0.43,1.08,0.37,1.12,0.12,-0.27,0.04,0.61,-1.67,-0.95,1.46,-1.57,-0.08,-0.86,-0.81,-1.07,-0.63,-2.38,-1.08,1.65,-1.51,-1.13,1.16,-1.42,1.46,-0.18,0.12,0.51,-1.94,-0.66,-0.55,2.5,-0.62,-1.54,-0.01,0.91,0.21,0.93,-1.37,-0.86,-1.58,1.24,-0.4,-0.11,0.95,2.14,-1.17,-0.81,-1.31,-0.94,-1.06,-0.85,1.09,-0.59,-1.67,-1.21,1.11,-2.43,-1.6,2.21,-0.1,-0.4,0.53,0.07,-1.65,0.18,-0.95,-0.24,0.72,0.55,0.08,-0.06,-0.83,1.13,-1.64,-1.22,0.4,0.92,-2.5,-0.13,-1.27,-0.13,-2.16,-0.06,0.19,-0.87,0.64,-1.15,-1.52,-1.24,-0.54,-0.57,0.57,1.43,-0.12,0.77,-1.58,-0.24,-0.66,-0.66,0.24,-0.31,-0.38,0.26,-1.37,-0.11
NCIH322,-2.8,-0.32,1.14,-1.11,0.99,0.9,-0.94,0.85,1.26,-3.54,-1.79,1.72,4.32,-0.26,-2.38,1.85,0.45,2.23,-1.94,0.27,-1.03,-1.42,-1.35,-0.41,-0.35,0.52,0.39,3.31,0.86,0.02,3.39,-2.66,0.55,-0.02,-2.09,-0.81,-0.97,-0.36,-1.16,-0.6,-1.9,0.08,1.09,-1.1,-1.55,-2.62,1.25,0.91,-0.62,-0.09,-0.19,-0.54,0.07,-0.63,-0.22,3.97,0.69,0.16,0.97,-0.87,-0.45,0.4,-1.51,0.3,0.01,2.04,1.29,1.05,1.2,3.03,-0.71,1.52,2.86,-0.73,-0.84,0.91,-0.8,-1.34,0.19,-3.32,-2.99,-0.44,1.7,3.33,-1.33,-2.07,-1.19,-0.55,0.46,0.23,-1.13,0.38,0.01,0.84,-3.18,-2.08,-1.41,-0.29,-1.36,-0.06,-1.12,0.61,0.71,-2.99,0.82,-0.06,0.44,-3.62,0.46,-0.96,0.08,0.5,0.81,-1.52,-1.44,0.05,-1.39,-0.18,1.09,3.49,0.18,-0.41,-0.28,1.01,4.24,0.96,-0.98,-0.19
SKMEL30,-0.66,0.97,1.82,-1.16,1.45,0.9,0.91,-1.33,-0.43,-1.3,-0.52,0.82,-0.36,1.41,-1.43,0.61,1.52,0.63,0.71,-1.34,-0.79,0.07,0.65,-0.44,-0.59,-1.51,-0.55,0.83,0.06,0.46,-0.2,1.61,0.89,-0.63,-0.59,2.11,0.8,0.51,0.72,-1.14,-1.01,0.41,-0.89,-1.28,1.68,-0.07,0.67,-0.83,0.69,0.88,0.95,1.03,1.35,1.16,-0.23,-1.99,-1.33,-1.69,-1.05,0.69,0.23,-0.32,1.63,2.5,-1.03,2.3,1.17,1.7,2.02,-0.51,0.04,1.7,-1.94,-1.63,0.59,-1.68,0.79,-2.21,-0.35,-0.27,1.37,1.15,1.44,-0.39,-0.64,-0.47,-0.48,0.73,0.62,-0.34,-0.8,-0.49,-0.56,2.23,-1.1,-0.36,0.32,0.21,0.35,-1.48,-0.61,-0.31,0.1,1.65,1.49,-0.35,1.02,-0.45,1.1,-1.73,1.62,-0.08,-0.17,0.2,1.46,-0.59,-0.11,0.55,1.73,-1.6,-2.36,-1.02,0.31,0.95,2.5,0.8,-0.23,-0.3
VCAP,1.23,1.34,-2.5,-0.15,0,-1.09,1.29,0.21,1.4,-0.72,-1.41,0.67,0.22,0.23,-1.66,-0.04,0.01,0.12,0.91,1.94,0.97,-0.72,-0.31,1.62,1.14,-0.41,-1.35,-0.04,-0.9,-0.98,0.87,-0.82,0.14,-1.06,0.62,-0.75,1.01,-2.15,-0.35,-0.19,-0.94,-2.09,-1.85,0.45,-0.74,-0.68,-1.01,-1.03,-0.43,0.45,-1.39,-0.62,1.1,-0.8,0.52,1.62,0.03,-0.34,0.06,0.92,2.42,-0.04,0.19,1.04,-0.03,0.84,-0.82,0.73,-0.76,1.76,0.71,-0.83,-0.86,0.14,1.68,-1.97,-0.63,2.5,1.15,0.43,-0.48,0.91,2.34,-1.45,0.51,1.22,-1.52,-0.38,-0.2,0.64,1.66,0.32,-1.8,2.23,0.99,-0.22,-0.86,-1.32,-1.5,-2.18,1.63,-0.25,0.64,-0.79,2.01,0.55,0.55,-0.23,-0.82,-1.39,-0.42,-0.08,-1.52,0.49,-0.06,0.7,-0.18,-0.64,-2.09,-0.86,-0.5,-0.18,-0.93,0.01,0.82,0.24,0.65,0.35
A375,-0.62,0.3,0.54,0.76,-0.56,-0.32,2.09,0.07,0.33,-1.07,-0.61,-0.81,1.41,1.1,0.08,0.34,0.64,1.11,0.46,-2.41,-0.97,0.3,-0.53,0.4,0.3,0.28,-1.99,1.54,-2.26,-0.69,-1.96,-1.34,-1.13,-0.26,1.32,1.2,1.52,-0.16,-0.41,-1.29,0.47,-1.65,-0.08,-0.79,0.59,1.44,-0.61,-0.03,0.13,-0.44,-1.34,-1.5,0.5,0.08,0.7,0.43,0.38,0.01,-1.93,1.79,-1.37,-0.96,0.39,-1.83,-0.03,1.34,0.17,0.55,0.99,0.93,0.25,-0.3,-0.66,0.74,0.94,-1.19,-0.18,0.19,1.32,1.47,1.54,1.42,1.41,-1.38,2.5,0.4,-0.93,-0.43,-0.3,1.94,0.91,-0.85,0.13,0.56,2.5,0.26,-0.36,-0.81,-0.26,0.94,-1.09,-2.5,0.38,-0.73,1.07,-1.12,-2.06,0.48,-1.64,0.69,0.77,0.98,-0.01,0.42,1.03,0.51,-1.98,0.91,0.76,-0.47,0.07,-0.6,1.77,-0.6,1.98,-1.09,0.74,0.55
SW837,-2.5,-0.42,0.47,2.09,1.14,-1.65,0.53,-0.3,-0.14,-0.63,-0.55,0.19,-0.93,1.89,0.45,-0.02,-0.26,0.19,-2.14,1.01,0.31,0.4,0.07,1.01,1.54,-0.68,0.46,-0.84,2.5,-0.39,-0.36,-0.52,2.41,-1.21,-0.88,1.16,-1.24,-0.36,-0.77,0.06,-0.38,0.93,-0.79,-0.78,-2.5,0.2,0,-0.45,-1.22,1.15,1.37,1.05,0.59,-0.26,-0.7,0.71,-0.6,0.24,-0.56,0.43,-0.2,-1.08,-0.01,-0.2,-0.27,0.73,-0.1,-1.5,-0.51,-1.32,-0.7,0.57,-1.12,0.86,-0.67,-0.27,-0.68,-0.96,0.59,-1.19,0.28,0.38,-1.92,0.28,0.45,-0.27,-0.56,0.98,0.41,-0.1,-0.63,-0.6,-0.83,1.16,0.53,-0.81,-0.36,-1.11,0.23,-0.29,1.72,0.5,-0.46,-1.11,1.12,-0.83,0.54,1.03,0.97,2.5,1.11,1,0.67,1.15,2.25,0.1,0.85,-1.08,0.05,0.02,1.53,-0.52,-0.61,0.78,0.5,2.36,-2.08,0.82
SKMES1,-0.08,-0.3,-0.68,-0.33,-0.82,1.44,-0.39,0.25,-0.15,0.14,-0.79,1.14,-0.08,0.67,-1.86,-1.13,2.5,1.05,0.77,0.62,-1.84,-1.35,-1.41,0.88,-1.29,-1.01,1.14,-1.14,0.95,1.44,-0.47,0.39,0.7,0.47,0.17,2.27,0.3,2.5,0.84,1.04,-0.62,-0.98,2.01,0.83,1.96,0.53,-0.08,-1.17,0.04,1.76,0.19,0.79,0.8,1.06,0.62,0.17,1.18,0.8,-0.91,1.09,-0.01,-0.63,0.86,1.06,-0.74,-0.34,0.48,0.12,0.12,-0.6,-0.58,-2.18,0.69,-0.71,0.45,0.81,1.14,1.71,0.83,1.16,0.64,-2.5,1.58,1.07,0.25,0.7,-0.6,-0.45,-1.59,-0.19,-0.2,1.18,0.09,0.94,-1.46,1.59,-1.95,-0.34,-0.45,2.22,-0.69,-1.71,-0.17,0.85,-0.72,1.01,0.86,-0.23,0.85,-0.87,-1.12,-1.2,-1.88,0.82,-0.46,-0.91,1.67,-2.5,0.13,-0.08,0.94,1.46,0.47,-0.07,0.23,-0.13,-2.07,-1.6
COLO205,0.55,-0.46,0.33,0.28,1.33,1.35,0.77,-1.39,2.2,-0.93,0.01,1.4,0.78,1.19,-1.14,-1.05,1.12,-0.81,-0.77,0.98,-0.36,1.65,-0.56,-0.17,1.38,0.06,-0.33,-0.62,0.2,2.5,-0.28,0.88,-0.56,0.58,-0.36,1.17,-1.62,2.5,-0.46,-0.4,-0.19,1.94,-0.3,-0.44,-2.2,1.08,-0.35,-1.36,0.25,-0.81,-1.52,-1.5,-0.36,-0.42,-0.35,1.57,-1.47,0.84,1.29,0.74,-0.44,-1.61,-0.89,-1.34,-0.21,0.93,0.02,2.5,0.08,2.5,1.97,0.73,0.54,-0.19,0.69,1.15,1.77,-0.39,0.51,2.5,-0.86,1.45,-2.14,-0.69,0.9,-0.92,-0.66,-1.38,1.02,-0.54,-0.54,-0.53,0.12,-0.43,-2.03,-2.03,-0.33,0.86,1.56,-0.84,-2.02,-0.96,1.04,0.5,-0.7,0.21,-0.4,-1.43,-0.09,1.24,-0.91,-1.7,0.99,1.76,1.4,-1.17,1.39,-0.15,0.98,-0.38,-0.65,-1.13,-0.04,1,0.83,-1.97,-2.42,2.5
SF295,0,-0.09,0.23,-0.43,-1.61,-1.25,1.38,-1,-0.41,-0.82,-0.33,-1.59,0.39,-2.5,-0.5,-0.19,1.85,-0.51,-0.05,-0.77,0.17,1.41,1.77,-1.03,-0.16,1.24,0.43,-1.93,-1.49,0.68,-1.33,0.63,-1.3,-0.56,0.43,-0.63,0.61,1.91,-1.1,-1.72,-0.78,0.01,-1.76,-2.25,-0.88,0.58,1.41,-0.03,-1.71,-0.7,1.12,-1.59,1.75,-0.99,-0.65,0.94,0.62,0.99,-2.2,2.08,0.24,-0.66,-1.5,-1.61,2.37,0.38,2.35,2.32,0.01,0.12,-0.02,-1.22,-0.06,1.64,0.59,-0.65,0.21,-0.45,0.3,-0.13,1.09,0.64,-0.28,-0.95,0.81,-0.13,-2.29,-0.26,0.53,1.78,-0.19,-0.62,0.79,0.9,1.01,1.15,-0.69,-1.21,0.16,1.12,0.3,0.48,0.07,0.61,-1.99,-1.82,1.12,-1.27,1.68,1.43,-0.22,-1.62,1.51,-0.44,1.8,0.88,-0.66,-0.9,-0.54,0.12,-0.68,-1.51,-2.04,-0.22,-0.34,-0.4,-2.2,-0.52
HT144,-0.13,0.72,0.43,-0.3,1.37,0.22,-0.52,-1.92,0.94,-0.88,-0.08,-0.78,0.02,-0.82,-0.68,-1.55,1.35,0.26,-1.39,-1.77,0.47,0.03,-1.1,-0.08,0.6,0.58,0.04,0.39,-0.44,0.66,-0.86,0.26,2.47,-0.55,0.71,-0.39,1.31,1.85,1.35,0.9,-0.29,0.84,-0.3,-0.3,-0.3,1.45,0,0.11,-0.15,-0.49,2.18,-1.41,-2.1,0.09,-1.17,-0.22,0.07,-0.19,-1.87,0.65,0.01,-0.63,-0.54,-1.28,1.34,0.39,-0.69,-0.82,-1.72,0.59,0.29,0.8,2.02,-1.46,-0.6,-1.23,-0.37,-0.77,-0.5,-0.58,-0.62,-0.05,-0.1,1.34,1.23,-0.95,-1.42,1.48,-0.71,-0.73,-0.6,-0.68,-1.08,-0.54,-1.88,2.5,-0.67,-1.07,0.8,-0.61,1.44,0.3,0.24,0.89,-0.31,-1.67,-0.65,-0.56,-1.48,-0.78,0.32,-0.9,0.28,1.45,-0.05,-1.3,0.81,0.48,-0.11,-0.04,0.8,1.1,0.81,-1.55,0.63,-0.57,-1.1,0.67
PANC1,-1.15,0.56,0.32,1.49,-1.64,-0.67,-2.5,0.56,-0.21,-0.27,-0.74,1.02,-0.1,-0.53,2.5,-1.42,1.28,0.37,-0.62,-1.68,-0.07,0.13,1.27,-0.64,0.34,1.33,-0.83,-0.19,0.27,-0.86,0.44,1.47,2.5,-0.33,1.53,0.91,0.24,0.68,0.79,0.27,-0.44,0.8,0.43,-0.05,0.75,2.5,-1.84,1.01,1.06,0.52,-0.33,-0.89,0.1,0.57,-0.25,0.13,0.01,-0.85,0.5,1.02,-0.35,0.59,-0.43,-0.67,-0.11,-0.52,0.79,-2.25,0.1,-0.22,0.41,1.76,-0.17,1.9,-0.66,0.81,0.13,0.22,1.28,1.07,0.79,1.47,-0.5,0.06,-1.09,0.56,1.03,0.77,-0.04,0.8,-2.08,-0.38,-0.37,-1.39,-1.04,0.26,-1.53,-0.36,1.27,0.47,0.4,2.12,0.43,-0.69,0.74,-0.59,-0.93,0.93,-1.45,-1.09,-0.14,-0.89,0.61,-2.5,-1.46,1.31,-1.46,-0.13,1.99,0.16,0.14,-0.16,-0.6,1.48,0.5,0.78,-0.06,-0.2
A2780,4.55,1.53,-1.37,-1.35,2.09,0.76,0.11,0.81,1.87,1.59,-0.3,4.08,0.35,1.79,-1.93,1.76,1.14,1.77,0.33,0.08,-0.72,1.22,-0.11,-1.08,-1.69,1.58,0.4,0.24,-0.27,0.03,-2.71,0.11,-0.68,0.26,-0.59,2.56,-1.83,0.29,-1.58,-0.07,-1.33,-1.26,-0.42,0.56,-0.53,-1.74,0.34,-1.32,-1.37,3.65,1.21,0.3,-2.05,0.63,0.74,0.49,-0.47,1.07,0.68,-0.63,0.13,0.18,3.06,1.08,-0.12,-0.22,0.28,-2.48,-0.84,-0.59,0.59,-1.15,-0.41,3,-1.9,1.39,0.01,0.88,0.3,0.04,-0.42,-0.2,0.98,-0.74,-1.45,1.38,-0.41,-1.54,1.73,2.67,-0.74,0.16,-0.44,1.69,-1.57,2.09,-0.24,-2.11,-0.08,2.48,2.25,-0.21,-0.27,-0.35,-0.16,0.01,-0.47,1.98,0.69,1.06,0.03,-1.1,-2.05,-1.41,-0.36,1.14,0.76,-0.72,1.27,1.88,-1.54,1.12,-0.77,1.69,2.24,0.86,0.82,-0.7
RKO,0.4,-1.03,-1.21,-0.75,-1.73,0.48,0.26,0.99,-0.51,-1.18,-0.88,1.42,-1.61,0.32,-1.73,-0.11,1.24,-0.08,-0.69,1.63,-1.67,-1.16,-1.51,-0.18,-0.05,1.12,-2.13,0.06,-1.14,1.29,1.41,1.42,-0.79,-1.03,0.13,0.97,-1.15,-1.13,0.62,0.73,-0.31,1.84,1.98,-0.77,-0.85,2,-0.74,0.93,-0.04,0.01,0.79,0.61,-0.18,0.59,1.08,0.28,-0.29,-1.31,-0.9,0.19,0.6,-1.07,1.37,-0.7,-2.5,-1.59,-1.36,-0.16,0.48,0.53,-0.59,-0.29,-1,1.29,-0.86,-0.6,-2.5,0.73,-0.09,1.36,-0.7,0.95,0.08,-1.51,0.94,1.04,-0.52,-0.84,-1.4,0.05,0.7,-1.58,-0.03,1.62,0.3,-0.31,-0.17,-1.22,0.6,1.09,1.02,-2.5,-1.31,1.14,2.12,1,-0.43,-0.09,-1.18,1.73,-0.69,-0.47,-1.65,1.74,-0.27,0.2,1.38,0.05,-0.8,-1.09,-1.49,0.87,-0.48,-0.8,-0.57,-0.74,1.55,0.14
MALME3M,-0.6,0.83,-2.5,-2.5,0.26,2.5,-2.5,-1.15,-2.5,2.5,-1.12,2.12,2.5,-2.5,-1.98,1.62,1.79,-2.5,-0.31,0.8,-1.21,-0.57,0.09,-2.25,2.48,1.44,0.37,-0.46,-2.5,1.53,-1.8,-0.21,-2.5,-2.5,-0.98,2.5,-0.65,-2.5,2.18,0.85,-0.41,-1.35,1.82,1.6,-2.5,-2.5,-2.5,-1.51,-2.5,-1.38,-2.5,-1.53,2.5,-0.3,-2.5,-2.5,-1.16,-1,-1.26,-2.5,2.5,0.32,1.62,-1.21,-0.08,0.85,1.76,0.58,0.95,-1.67,2.5,0.34,1.4,0.62,1.74,2.5,-2.25,0.93,-1.45,-0.76,-2.5,-1.09,-2.46,-2.5,-1.94,-0.56,-1.53,1.17,-1.67,0.02,-1.11,-0.27,0.33,-0.98,-0.7,2.5,2.5,2.5,-2.5,-1.02,-0.47,-1.65,-1.59,0.15,-1.25,2.44,-0.4,-1.21,1.46,-0.74,-2.24,1.91,-1.56,2.5,2.5,2.5,-2.5,-2.5,2.5,2.5,-2.5,0.43,-2.5,2.11,-2.31,-2.5,1.01,-0.28
SNB19,-0.84,1.38,-0.6,-0.41,1.7,0.58,0.72,2.04,1.8,-1.96,0.96,-1.44,-1.89,-0.15,1.53,-0.02,-1.83,1.18,2.5,-0.34,1.16,0.29,0.82,0.88,-1.55,-0.62,0.44,-0.18,0.57,-0.05,-0.72,-1.31,2.44,1.13,2.5,0.18,1.79,-1.85,-1.57,0.36,-0.96,1.63,-0.96,-0.24,-0.52,0.08,-0.67,0.05,-0.49,-0.31,-1.19,-0.05,0.38,0.19,-1.23,-2.01,-1.22,-0.98,0.2,0.4,1.97,-0.58,-0.06,1.33,0.08,0.3,-2.5,0.23,1.57,-1.12,-0.08,0.79,-0.57,0.55,0.57,-0.58,0.05,-1.5,0.51,0.25,-0.89,0.25,0.05,0.91,0.61,1.85,1.3,2.17,1.17,2.38,0.26,-0.95,0.99,0.42,-0.16,-0.51,0.87,-1.68,-0.56,0.01,-1.96,-0.2,1.22,-1.18,-0.96,-0.26,-1.41,2.1,-1.12,0.54,1.18,-1.4,-1.09,0.38,-0.01,-2,0.31,1.11,1.21,-0.61,0.9,-0.98,0.44,-1.09,-1.7,0.03,1.06,1.06
786O,-0.91,0.4,0.84,1.46,0.69,0.41,1.16,-0.4,1.59,-1.27,-0.24,1.4,0.62,-0.9,-0.78,-0.89,-0.45,0.56,-0.41,-0.36,1.64,-0.95,1.38,-0.88,-0.12,-1.48,-2.01,-0.2,-0.15,-0.34,-0.07,0.85,0.51,-0.78,-0.71,0.77,0.46,2.32,-1.28,-0.42,-2.26,0.86,-1.85,-0.11,0.55,0.58,0.76,0.19,-0.24,0.36,-0.25,-0.91,-1.56,1.21,-0.9,2.28,0.86,-0.96,-0.15,1.61,-0.9,-1.05,-0.48,-1.66,-0.41,1.52,1.76,0.56,0.23,0.01,-0.15,0.86,-0.55,-1.91,1.43,-1.38,-1.6,-0.34,0,-1.98,0.03,1.29,-2.02,-1.14,-0.7,-0.23,-1.87,-1.31,1.18,-0.44,-0.81,1.42,1.16,0.96,0.75,0.82,-0.07,-1.06,-0.6,1.02,1.02,1.09,-0.72,-1.26,-0.12,1.03,1.69,-0.12,-0.21,-0.11,0.18,0.02,0.73,1.1,-0.99,0.69,0.49,0.94,-0.03,-0.05,-0.31,1.63,-0.85,0.71,0.86,1.92,-1.15,-1.39
HT29,-1.57,0.5,-0.3,-0.26,0.98,-2.5,0.17,-2.5,0.75,-1.71,-1,-0.15,0.94,-0.55,1.53,-0.17,-1.94,-0.11,-0.46,-1.42,-0.72,-1.29,0.8,0.02,0.58,1.39,-1.47,2.07,1.9,0.03,1.85,0.09,0.61,0.96,0.95,0.7,-1.18,0,0.75,-0.91,0.13,0.42,-0.84,-0.51,-0.32,-0.92,-0.41,-0.43,-1.89,1.22,1.16,-0.32,1.19,0.25,-1.4,1.86,-0.49,-0.34,-1.55,-0.17,0.21,1.22,-0.12,-1.55,-1.28,-0.22,1.04,-2.5,0.66,-1.33,-1.32,-0.22,0.23,1.06,-0.12,0.95,-0.14,-2.38,1.06,-1.95,-0.32,-1.2,-0.14,0.62,-0.76,1.36,-0.32,0.28,0.9,1.31,-1.86,-0.53,-1.21,0.02,0.3,0.72,1.25,0.15,-0.51,0.37,-0.17,1.27,-0.92,0.11,2.5,0.15,-2.33,0.81,0.01,-0.05,-1.08,-1.4,-1.13,-1.05,2.5,-0.85,0.67,-0.67,-0.44,-1.13,-0.25,-0.56,0.75,-1,2.2,0.21,-1.35,-0.3
L1236,0.85,-0.49,-1.02,-0.49,1.9,0.95,0.45,0.69,-0.16,-0.81,-0.85,0.66,-2.5,0.03,-1.09,-2.45,-0.82,-0.27,-0.85,1.12,-0.41,-1.1,1.33,0.19,0.02,1.59,-0.24,0.66,-0.16,-0.17,1.27,-0.09,-1.43,-2.5,0.65,-0.72,1.29,-0.92,0.14,0.09,-1.06,1.8,-1.2,1.15,1.04,1.31,-0.51,0.3,0.89,-0.52,-0.85,-0.82,1.71,0.14,2.5,0.48,0.32,1.06,-1.15,-0.26,0.71,-0.9,-0.36,0.44,-0.51,1.84,1.12,0.73,-0.33,0.3,0.14,0.04,-0.55,-0.37,0.88,1.24,0.59,1.4,-0.41,1.26,-0.4,1.89,-0.69,0.11,0.14,0.88,-1.02,-1.5,-0.13,1.09,-1.14,0.17,-0.46,1.39,2.5,-0.01,0.53,-0.97,1.34,0.19,0.49,2.17,1.03,-0.68,1.19,-0.3,-0.99,2.5,0.62,0.68,-0.62,0.29,-1.4,-0.2,0.93,-0.03,-0.22,0.66,-2.5,0.37,-2.26,-1.12,0.32,-0.53,-2.35,-0.41,-1.37,-1.14
A549,1.16,-0.9,-1.15,-0.85,0.01,1.2,0.67,1.22,-0.74,0.01,0.55,0.48,1.27,-1.06,0.32,-0.74,-0.65,2.4,-0.43,0.8,1.18,-1.02,1.17,-0.24,-0.25,1.47,-0.12,0.55,-0.12,2.18,-0.36,1.2,-0.16,-1.11,1.82,-0.46,-0.01,1.24,-0.41,1.5,0.46,0.63,1.84,1.18,-0.49,-0.74,-0.68,0.6,0,-0.82,-1.13,-0.75,-0.7,-0.21,0.95,-1.47,0.61,-0.64,-1.86,-0.81,1.28,0.34,0.38,-2.1,0.28,0.93,-0.14,0.31,-1.36,1.4,-0.28,-2.5,-0.41,-0.22,-0.13,-0.36,0.22,2.06,0.09,0.1,0.66,-0.51,0.44,0.4,0.14,2.3,-1.17,-0.71,-0.71,1.15,1.16,-1.5,2.5,1.87,-1.74,1.84,-0.17,-0.69,0.93,-1.56,-0.85,-1.65,1.69,1.06,2.2,1.24,-1.62,-0.89,-0.08,-1.45,-0.91,0.21,2.5,-0.47,0.8,-0.28,-1.48,0.41,-0.1,-0.38,-2.28,1,0.25,0.32,-0.62,0.85,0.17,-0.02
U251MG,1.22,-0.16,0.87,0.06,0.5,0.45,1.08,-0.82,1.14,0,0.54,-1.02,0.87,0.61,-1.07,-0.47,0.84,-0.63,0.08,-0.1,0.52,1.97,-0.01,0.48,1.96,-1.14,0.5,0.99,2.19,-0.28,-1.57,1.52,-0.53,0.54,0.19,-2.5,2.5,1.28,-0.68,-1.96,-0.67,-1.25,0.56,0.03,1.03,0.19,0.48,-1.25,-1.44,-1.6,0.11,-0.35,0.09,-0.1,-0.25,-1.23,0.17,-0.8,-1.49,-0.5,0.34,-0.72,-0.36,-0.28,-0.26,0.22,-0.87,-0.31,-2.35,-0.74,0.21,1.98,-1.1,-1.81,0.14,-0.86,-2.26,-0.81,-0.57,-1.81,-0.4,1.96,1.69,-0.61,0.13,-0.07,0.41,0.42,-0.14,2.05,1.08,0.04,-1.04,1.43,-1.38,1.43,0.32,2.25,-0.72,-0.16,-0.64,-0.39,0.14,0.42,-0.95,0.28,1.6,0.4,1.21,-0.35,0.44,0.05,-0.61,0.1,0.45,-0.02,1.71,0.08,-0.21,0.16,0.36,-1.05,1.12,-0.61,1.31,-0.12,-1.03,0.04
MOLT4,1.48,0.91,0.33,-1.06,2.33,0.68,-0.52,1.21,-1.21,0.01,0.14,-0.78,-0.06,0.66,0.89,-0.49,-1.08,1.17,0.71,0.32,-1.66,-0.86,-1.66,-0.02,0.32,-0.82,-0.55,2.42,0.19,1.83,-1.82,1.95,-0.54,0.54,-0.06,0.26,0.16,-0.15,-0.22,-1.3,-1.58,-1.49,-0.36,-1.35,-0.41,-0.65,1.72,-1.04,-0.41,-0.29,-0.03,-0.98,0.37,-1.68,0.55,-0.49,-0.61,-0.06,-2.5,-0.95,-0.63,0.05,0.44,-0.18,0.34,-0.48,0.26,2.14,-0.6,-0.07,0.74,0.12,1.59,0.82,1.19,-0.32,-0.73,-0.77,0.15,0.16,-0.82,-0.63,-0.47,-0.32,0.18,-0.1,0.48,0.75,-0.12,-0.66,-0.89,-2.5,-2.17,0.19,0.04,-0.31,-1.15,-0.98,-1.57,1.28,-0.49,0.05,-0.99,-0.3,0.25,-2.4,0.43,-1.67,-0.99,-0.41,-0.72,-1.62,0.28,-0.07,0.35,2.5,-2.4,-0.97,-0.03,0.19,1.42,0.68,0.53,-0.61,1.54,1.25,-0.66,0.19
UACC62,-0.76,1.35,1.29,1.21,-0.58,0.36,1.2,0.97,1.26,0.91,0.03,-0.07,1.28,1.23,-0.86,-0.61,0.91,-0.71,0.59,-0.11,1.56,0.82,0.18,-0.73,0.19,-1.3,-1.09,-1.73,0.16,0.11,0.03,2.39,-0.37,-0.16,0.26,-0.11,1.78,0.62,0.5,1.11,0.24,-0.14,-0.09,0,-0.93,-0.48,-0.13,-0.79,-0.33,-0.69,0.35,-0.55,0.94,-0.48,-1.13,0.15,1.94,0.2,-1.21,-0.07,0.25,-0.82,-1.2,-0.36,0.65,-0.45,0.06,-1.26,-2.36,-1.04,0.97,1.52,0.77,0.41,-0.96,1.23,0.49,1.01,0.6,0.92,-0.34,-0.11,-0.69,-1.09,2.15,-0.4,-1.25,-0.37,-0.73,-0.4,-1.02,-1.75,0.61,-2.5,-1.16,-0.56,2.5,-0.5,-0.8,-0.28,0.73,1.25,0.61,-0.13,-1.22,0.71,-0.66,-0.95,0.2,-0.23,-0.94,-2.5,0.23,0.13,-0.73,-0.79,-0.71,-0.54,-1.23,-0.04,1.94,0.62,-1.47,1.36,0.34,0.27,-1.6,-1.47
HS578T,0.29,-0.22,1.49,-0.61,-0.82,-1.32,0.44,1.19,0.24,-2.5,0.18,0.13,0.43,1.05,-0.83,0.75,-0.04,-0.66,0.58,-0.92,1,-0.26,-0.3,-0.26,-1.64,0.41,-1.82,1.63,0.45,0.42,-0.22,0.02,0.57,-0.2,-0.1,-1.19,1.07,0.1,0.25,-0.81,-1.05,-0.62,0.53,0.16,0.21,-0.62,1.07,0.7,0.23,2.2,-1.63,-1.15,1.87,-0.94,-0.41,-0.96,-0.02,-0.42,-0.95,0.34,-1.09,-0.89,-0.02,-0.67,-0.24,-0.53,1.38,-1,-1.05,0.94,1.54,0.37,-2.42,-0.32,0.86,-0.25,-0.42,-0.95,0.88,1.45,-0.13,0.65,0.38,-2.39,-0.06,0.36,0.16,0.17,-1.4,1.72,-0.82,-0.31,-0.33,1.47,-1.37,1.77,-0.06,-2.24,-0.82,-0.47,2.5,2.35,1.69,-0.69,-0.88,0.53,0.27,-0.74,-0.41,-2.5,-1.01,-0.43,-0.53,-0.39,-1.22,0.15,-1.22,-0.18,0.19,0.6,1.67,0.23,-0.54,-1.74,1.09,-1.22,-1.37,-0.23
NCIH2122,0.81,-0.53,-0.98,-1.07,0.79,0.35,-0.97,0.77,-0.23,-1.04,0.48,1.55,0.51,0.49,-0.39,-1.36,0.83,1.15,1.79,-0.59,0.05,0.4,0.49,2.3,0.12,-0.71,-1.12,0.36,0.47,0.03,-0.57,-1.08,0.52,-0.41,0.23,1.98,0.04,-0.67,0.75,2.5,0.39,0.79,0.33,-1.42,-0.53,0.3,0.61,0.43,-0.53,0.25,-0.21,-0.48,-2.5,-0.55,-0.32,-1.21,2.5,0.48,-1.44,-0.56,0.37,-0.49,1.09,-1.41,-1.96,1.97,0.38,0.41,-0.7,0.04,2.5,-1.32,-0.68,0.81,-0.06,0.51,1.67,1.41,1.17,1.81,-1.38,1.76,1.26,-0.58,-0.96,-0.49,0.81,0.39,0.29,0.39,-0.35,-0.39,1.18,1.38,-0.41,1.47,-1.45,-0.07,-2.5,0.36,-0.29,0.78,0.08,-2.02,-0.46,0.75,0.68,0.05,-0.71,-1.13,0.7,1.07,1.22,0.69,0.11,0.4,0.71,-1.68,0.25,-0.53,-1.95,-0.57,-0.83,-0.46,-0.49,-0.14,-2.5,0.7
CAKI1,-0.59,-0.2,-0.84,0.66,-2.38,0.06,1.2,-1.29,1.19,-1.33,-1.94,1.71,1.06,-0.54,-1.3,-0.67,0.54,-1.23,1.98,0.01,1.07,0.14,1.2,0.57,-0.07,-0.46,-1.42,-2.5,-0.04,-1.05,-1.87,-1.69,1.51,1.85,-1.09,1.66,0.69,1.01,0.3,-0.22,-0.23,0.59,-0.04,0.21,1.4,-0.81,0.92,0.69,-0.97,-2.5,-0.66,-1.83,1.36,-0.09,-1.3,-1.5,0.52,-1.51,-1.64,0.25,1.26,0.61,0.81,-0.42,-0.11,-0.13,1.32,-1.11,-1.53,-1.36,-0.22,2.22,-0.5,-0.56,0.84,-0.56,-0.41,-0.96,1.25,0.76,-1.06,0.19,2.5,-0.37,-1.02,-0.24,1.31,0.41,1.32,1.25,-2.5,0.45,-0.08,-1.02,0.26,1.84,0.63,2.14,-0.9,-1.1,0.11,-0.16,0.8,-0.44,-0.35,0.4,-1.07,-0.4,0.79,0.24,2.5,-0.33,-1.42,1.48,-1.55,1.93,-0.58,1.35,-0.11,-0.29,0.74,0.31,0.69,-0.96,-0.73,0.1,-2.23,0.32
RD,2.5,1.04,-1.47,-2.08,0.02,-1.71,-1.06,1.56,-0.18,-0.58,-0.73,1.13,0.1,0.21,-2.07,-1.22,-0.22,-0.29,-1.84,1.18,0.51,-0.43,-1.25,0.18,0.32,-1.27,0.33,1.08,-0.38,-1.02,0.66,0.84,-0.12,-2.05,1.36,0.72,0.35,-1.11,-2.01,0.45,-0.42,-2.18,2,-1.05,1.59,-0.23,-1.63,-1.52,0.76,0.89,-0.61,-1.02,-0.75,0.91,-0.46,-2.12,1.66,1.44,-0.15,-1.26,0.2,0.72,0.15,-0.34,1.23,1.32,-1.05,0.87,-1.89,-0.26,-1.4,0.78,-1.06,-1.49,-0.7,0.25,-0.94,-0.9,0.78,-0.54,-1.45,0.59,-0.46,0.64,-1.13,2.5,-1,1.79,0.72,-0.9,-0.55,0.06,0.24,1.61,-1.63,0.83,0.35,-1.14,-0.64,-0.67,-0.84,2.04,1.15,0.08,1.29,-1.44,1.63,-0.78,-0.15,-0.58,-0.34,0.59,1.58,0.58,1.6,2.01,-1.58,-0.23,1.24,0.58,-1.55,0.91,-0.97,-0.43,0.61,-0.91,-1.42,-0.94
SKOV3,1.77,2.5,1.25,-1.42,-0.98,-2.5,1.45,-0.82,2.02,1.92,-2.29,-0.88,0.54,0.4,-1.99,-0.53,2.3,-1.92,0.02,-1.41,0.68,-0.74,-1.76,2.5,0.18,0.78,2.5,2.5,-1.1,1.1,2.5,0.31,2.5,0.19,-1.14,1.39,-1.75,2.5,-2.5,2.5,-0.8,-0.27,2.5,1.74,-1.06,2.5,0.48,1.31,0.39,1.15,-2.49,2.5,1.69,0.88,-1.44,-0.75,-2.26,1.07,-1.92,0.4,-0.24,0.43,1.49,2.5,-1.2,-0.95,-1.79,1.39,0.26,0.34,2.46,-2.32,-0.61,-1.18,-2.5,-0.05,-1.54,-2.5,-1.47,0.52,-0.58,0.21,0.48,-0.63,-2.5,0.07,2.5,-1.01,0.02,-2.5,2.5,2.31,2.5,1.04,1.63,-0.19,1.54,-0.22,2.5,2.5,2.5,-0.37,0.44,0.03,2.5,-2.5,0.29,1.61,0.32,2.5,-1.73,-0.17,-1.32,1.17,-2.5,-0.85,1.68,-0.67,-2.5,-1.21,2.21,-1.11,2.5,2.5,0.86,-1.11,2.5,2.5
ES2,-1.12,-0.18,-0.53,0.19,-0.26,1.06,0.77,-0.81,0.98,0.89,-1.37,1.53,2.07,0.9,-0.4,-0.7,0.14,-0.43,-0.07,0.59,-0.63,0.81,-1.28,-0.72,0.18,0.31,-0.22,-1.19,-1.63,-0.05,0.69,0.98,-1.08,-1,-2.29,2.16,-1.07,1.32,0.35,-1.57,-1.03,-0.56,-0.17,-0.55,1.18,-0.37,0.58,1.23,-0.97,0.69,-1.82,-0.58,-0.42,0.13,-0.54,-0.28,0.01,-0.24,-1.06,0.21,1.45,-0.09,1.49,-0.77,-0.6,0.66,0.17,0.47,0.51,-0.76,0.07,-0.29,-0.01,-1.01,1.5,-1.25,0.16,-0.89,1.03,0.83,-1.45,-1.03,0.67,-1.6,-1.4,0.65,-0.04,-1.29,0.8,1.38,-0.8,-0.1,-0.63,-1.78,0.42,0.71,-0.37,0,-1.13,-0.15,0.26,0.16,-0.58,-2.5,-1.41,-1.23,-0.76,-1.09,0.4,0.84,-1.61,1.39,0.1,-1.22,-1.29,0.39,1.12,-0.18,1.23,0.32,-2.5,0.66,-0.69,0.55,-1.06,0.47,-2.4,-0.25
SKMEL5,1.49,0.95,0.56,1.85,-1.61,-0.68,0.8,1.5,-2.42,1.3,-1.89,-0.6,-0.64,0.81,-0.66,-1.01,0.29,-1.11,-0.14,-1.3,0.16,-0.36,-0.31,0.56,1.89,-0.12,-1.2,1.28,-0.59,0.75,0.67,-0.4,0.05,-0.12,-0.2,0.36,1.9,-0.08,-0.54,-0.7,-0.53,0.5,-0.78,-0.16,0.39,-0.8,-0.12,-1.1,0.29,-0.26,-0.92,-0.47,1.76,-1.17,-0.41,-0.08,0.94,-2.5,-0.13,-0.82,-0.24,-1.59,-0.14,-0.67,1.35,0.3,-0.18,1.51,0.01,-2.34,0.12,0.42,-1.71,-0.32,-0.22,-0.67,0.17,-2.42,0.64,-0.31,0.08,0.7,0.92,1.22,0.34,-0.25,-2.27,-1.08,1.14,0.3,-0.15,0.85,-1.41,-0.63,0.33,0.86,-0.45,1.19,-2.39,-0.52,0.06,0.13,-0.7,0.81,-0.45,0.62,0.46,0.23,0.29,-0.59,-2.41,-0.69,-1.27,-0.82,0.15,-2.5,1.08,2.5,0.25,-1.11,0.4,-1.27,-0.97,0.08,0.43,-0.32,-0.37,-0.07
NCIH23,-0.45,-0.09,0.77,-0.87,-0.37,-0.72,0.76,-0.76,0.82,0.54,-0.12,-1.74,0.43,1.09,-0.47,-1.05,0.4,-1.25,-0.06,-0.5,0.72,0.49,1.08,-0.13,1.16,-0.05,0.48,1.4,-0.06,-1.22,0.63,-0.5,1.87,0.61,-1.65,1.43,1.34,-0.55,-1.01,-1.3,-0.99,-0.31,-0.96,0.02,0.37,1.16,-1.42,1.34,-2.5,1.8,-0.21,1.11,1.58,-0.57,-0.28,1.44,-0.1,-0.67,0.83,-0.87,0.12,0.98,1.09,-0.23,-0.12,-2.5,1.59,0.83,0.39,0.73,-0.01,-1.34,0.19,-0.31,-1.34,0.55,1.21,0.69,-2.43,0.69,0.13,-0.81,0.25,-1.1,-2.5,-0.69,0.68,-0.2,-0.95,0.23,-1.48,-0.39,-1.54,0.3,1.91,0.2,-0.07,-1.14,0.41,-0.61,0.45,-1.82,0.97,-1.51,-0.02,-0.23,-0.83,2.46,-1.38,-0.46,1.81,-1.75,-2.04,-0.65,0.51,-0.09,2.5,-2.5,-1.24,0.84,1.7,-0.12,1.64,-0.35,1.73,-0.04,-0.94,1.73
MDAMB468,-1.2,-0.65,-0.12,0.85,-1.77,-0.04,1.05,-0.26,1.25,1.21,-0.02,-1.03,0.55,1.49,-0.15,-1.02,-1.37,-1.45,-0.9,0.4,1.86,1.12,-0.9,-0.61,0.79,-1.49,-1.55,0.8,-0.08,-1.52,-1.45,-0.12,0.97,0.23,-0.8,-0.31,0.64,-0.25,0.77,-1.52,-0.29,-0.37,0.73,-2.24,0.83,1.36,1.12,-0.86,0.37,0.91,-0.81,-0.6,0.05,0.02,-0.66,-1.13,-1.49,-0.3,1.83,-0.88,-0.15,1.02,0.21,0.21,-1.09,-0.64,0,0.37,2.5,-0.69,0.04,1.01,-1.3,-0.49,-0.51,-1.04,-0.97,-0.27,-0.85,-0.71,-0.74,0.77,1.35,-1.23,-1.29,0.74,-0.91,0.4,0.64,-0.5,0.53,0.8,-0.34,-0.16,0.27,0.7,1.66,-1.15,-0.88,1.26,1.14,0.02,0.9,0.87,0.02,-1.3,0.99,-1.59,0.23,0.26,-0.09,-0.17,0.58,-1.12,-1.13,1.28,-1.42,-0.03,1.06,-0.58,0.64,0.21,-1.57,-0.12,-1.14,1.27,-1.21,-0.06
MDAMB436,0.18,0.22,0.21,0.41,0.67,0.02,2.02,0.82,0.92,-0.7,0.26,0.21,0.14,-0.69,0.83,-1.21,1.24,-0.31,0.44,0.26,-0.68,2.14,-2.5,-1.37,-0.27,-0.9,-1.25,-2.12,-0.22,0.79,-0.35,1.8,1.19,-2.5,-1.69,0.42,1.11,-2.5,0.07,0.51,0.69,-0.29,-0.62,0.29,2.5,-0.8,-0.42,-1.11,-0.66,0.34,1.25,-0.91,2.32,1.14,0.11,-0.39,0.66,-0.51,-0.06,-0.57,1.42,-1.11,0.15,-1.52,0.48,-0.55,0.03,0.19,1.14,-0.45,1.76,1.23,-0.06,-0.48,0.54,-0.02,-0.47,-1.06,1.69,-1.3,0.17,0.14,0.62,0.52,0.65,2.25,-0.97,-0.03,-1.66,0.66,-0.75,-0.42,-0.51,-1.89,0.23,-0.36,0.75,-0.22,-0.51,0.04,-0.74,0.69,-0.5,-2.32,0.26,-0.32,0.66,-1.8,1.4,1.7,-0.67,0.1,0.62,-0.71,-0.48,-0.69,1.08,1.79,1.47,0.64,0.06,0.7,0.49,0.8,0.56,-0.29,-1.14,-0.1
TC32,-0.76,0.02,0.38,-0.24,1.84,0.33,0.08,0.11,0.36,-1.46,-0.25,1.75,1.23,0.54,1.05,-0.94,0.41,-0.39,-1.31,1.04,-1,0.37,-1.31,0.58,-0.77,-0.45,1.28,0.02,-1.1,0.18,0.78,0.5,0.9,-0.28,-0.38,0.71,0.33,-1.75,-1.04,1.14,1.53,0.64,0.47,0.68,-0.98,-0.57,0.78,0.3,-0.46,-0.91,1.11,2.5,0.13,-0.29,-0.9,-0.66,-0.68,0.64,-1.72,0.86,0.75,-1.02,0.95,0.7,1.19,1.38,0,0.67,1.95,-1.23,-0.32,0.41,-0.21,-0.42,0.57,1.57,-1.04,-0.62,1.23,-0.47,-0.49,0.37,0.18,2.5,0.02,0.5,0.05,0.8,-0.09,-0.4,1.45,-1.1,0.66,-0.52,-0.72,-0.66,1.31,-1.22,1.37,-1.01,-1.1,0.97,-0.67,-0.66,-1.63,-0.58,0.56,0.64,-0.16,0.88,-1.39,-0.31,1.24,-0.58,-0.69,0.37,0.32,-0.68,-0.4,-1.7,1.41,-1.78,-0.56,0.1,0,1.42,-0.79,-0.5
EW8,0.28,0.74,0.36,0.2,-0.83,-0.51,-0.47,1.01,0.65,-1.44,-1.54,2.37,1.13,2.5,-2.5,1.4,-0.94,-2.5,-0.5,-0.6,0.34,0.17,-1.17,-0.99,2.27,-0.06,-0.15,2.3,-0.02,-0.27,0.65,0.02,0.79,0.83,-0.59,-0.52,0.51,0.84,-1.07,-0.83,0.36,1.5,-0.2,-0.24,1.42,-0.95,1.21,-1.23,0.39,0.13,0.59,-0.45,-0.05,0.13,0.34,0.39,1.79,-0.26,-1.55,0.24,-0.51,-0.29,-0.87,-1.25,-1.85,0.9,-0.9,1.46,1.32,-2.21,0.88,0.99,-1.06,-1.45,0.91,0.38,-1.35,-1.01,1.24,-0.43,0.18,0.96,-0.86,-1.89,-1.13,0.35,-0.9,-0.44,-0.34,-0.32,-0.15,-0.48,-1.42,0.38,-0.39,1.01,0.04,-0.26,0.9,0.78,-0.26,0.23,0.71,1.57,-0.97,-0.69,0.36,-0.56,1.2,-0.45,-0.32,0.2,0.56,0.57,-0.22,0.13,0.57,0.41,-0.94,0.01,-0.69,-0.72,-0.11,-1.42,0.09,-1.3,-1.31,-0.21
OVCAR4,-0.94,-1.08,2.19,1.73,-0.31,2.5,1.33,1.07,1.05,0.41,-0.4,-0.74,0.8,1.2,-1.32,-1.03,-1.85,-1.28,0.22,-1.39,-1.07,0.45,0.43,1.1,1,0.57,-1.15,0.73,0.21,-1.11,1.06,0.49,1.24,-0.91,-2.5,-0.04,-0.26,-0.57,-0.93,1.33,-0.39,-0.85,-0.96,-1.72,1.64,0.08,0.37,-1.43,-0.7,0.07,-0.24,0.12,-1.59,-0.13,0.33,-1.89,-0.82,-0.26,0.71,-0.03,0.4,0.64,0.05,-0.07,-0.21,0.71,-0.08,0.98,-2.03,0.83,0.58,1.32,-1.41,-0.76,-1.17,1.71,1.38,-1.22,1.88,1.46,-1.9,0.54,0.62,0.02,0.68,-0.68,-1.56,2.14,0.66,0.86,-0.35,1.45,-2.25,-1.7,-0.14,-1.44,0.94,0.89,0.59,0.35,-1.18,-0.57,0.43,0.28,0.55,-2.01,1.06,0.29,2.18,0.29,0.23,-0.96,-0.37,0.48,0.95,-1.46,1.51,-1.84,0.23,0.37,-0.83,-2.44,-1.41,1.31,0.59,-0.27,-0.28,0.37
SKMEL28,-0.63,-0.7,2.19,0.6,-2.33,-0.52,1.19,-0.2,0.25,-0.44,-0.2,-0.11,-0.67,-1.28,0.67,-1.32,0.83,1.9,0.23,-1.01,1.58,0.75,0.13,-1.14,-0.81,-1.01,-0.91,1.05,0.75,0.22,0.65,1.68,-1.13,-1.39,-0.6,0.19,1.57,-0.04,-0.15,0.24,0.29,2.43,-0.14,-1.16,1.5,0.08,-1.19,-1.59,-0.96,0.11,-1.19,-1.32,-1.93,-0.95,-0.29,2.4,0.91,-2.15,-1.34,1.21,0.26,0.81,0.61,0.54,0.12,0.08,-0.37,-0.72,0.4,-0.96,2.5,0.97,0.18,0.88,-0.39,0.11,-1.32,0,-1.38,-0.65,1.76,-0.19,-0.15,-0.73,0.58,-1.56,-1.39,2.5,-1.22,1.23,-1.36,-0.4,-2.06,1.42,-2.26,-0.51,1.01,-1.56,0.97,-0.01,-1.06,0.15,-0.42,2,1.84,2.5,-0.87,-0.43,-0.96,0.53,-0.45,0.73,1.21,1.17,1.16,0.99,-0.04,0.32,0.31,0.47,-1.91,-0.21,0.93,0.19,0.56,-2.35,0.71,-1.08
LNCAPCLONEFGC,-0.21,1.18,0.17,-0.54,-0.88,-0.29,0.1,1.32,1.84,-0.7,-0.44,0.02,-0.13,0.59,-0.21,-0.57,1.5,-0.63,0.39,-1.85,-0.04,0.68,0.46,-0.64,-1.98,0.61,0.57,-1.55,-0.18,-1.43,1.16,0.64,0.41,0.11,-0.26,1.16,0.12,0.89,0.23,1.14,-1.27,-0.62,-1.7,-0.86,0.89,1.5,-0.85,-1.67,0.11,-0.21,-0.01,0.78,-0.26,2.06,0.16,-0.75,-0.75,-0.06,-1.63,2.5,2.34,-1.64,0.12,1,0.27,-0.51,-0.07,2.12,-0.48,-0.63,-0.47,0.34,2.5,1.31,0.12,-0.47,-0.64,0.51,1.25,-2.05,-0.31,0.14,-0.44,0.06,0.44,0.42,-1.36,0.63,0,1.31,-0.32,-0.64,-1.41,-0.99,-0.19,-2.23,1.44,0.39,0.17,-0.54,1.06,0.46,0.76,-1.83,0.26,-0.77,-1.22,1.74,-0.07,0.59,-0.11,-2.13,0.78,-0.66,1.01,0.84,0.59,-0.95,1.31,0.71,-1.77,0.46,0.99,-0.9,-1.16,2.01,0.62,0.64
NCIH460,0.45,0.68,-0.86,0.23,1.39,-0.58,-0.33,0.05,-0.1,-0.51,0.18,0.72,-1.29,1.21,-0.53,-0.96,0.23,-0.55,0.13,0.22,-2.19,-0.39,-0.4,0.51,0.71,0.59,-1.71,-0.94,1.35,-0.47,0.5,-1.7,-0.85,-0.47,0.5,0,0.8,0.6,-1.33,-1.15,-1.23,-0.6,1.55,0.15,-0.9,-0.2,-0.66,-0.11,-2.28,0.36,0.8,0,1.3,-0.77,1.43,-2.12,-0.64,1.1,1.78,-0.47,0.44,-0.7,0.58,0.17,0.84,1.37,2.18,0.34,-0.16,0.21,-1.02,0.44,-0.29,-0.04,0.69,0.97,1.1,-1.27,-0.64,0.67,-0.03,1.05,0.23,-1.29,-0.21,0.33,-0.13,-0.77,-1.05,0.88,-1.37,-0.6,-1.35,0,0.2,0.11,-0.2,2.5,-0.08,-2.45,0.74,-1.26,1.21,0.74,-0.83,-0.63,0.79,-0.57,2.44,-1.37,-0.5,-1.04,0.73,0.59,1.18,-1.08,-0.4,0.62,-0.62,1.17,-0.2,-0.13,0,-1.09,-1.05,0.75,-0.84,0.28
CAOV3,2.5,-1.33,0.22,0.21,1.78,-2.27,1.18,-1.38,0.67,-1.93,-2.5,-1.54,1.21,0.54,2.24,-1.25,0.89,-0.6,-0.38,-2.5,-2.03,1.57,2.5,2.04,-2.5,0.04,-0.47,0.51,-1.65,1.79,1.14,-2.5,2.38,0.78,0.74,0.7,-0.37,2.07,1.19,-0.74,2.5,1.26,-2.46,1.09,-1.89,-0.57,-1.52,-2.5,-1.65,0.44,2.5,-1.53,-1.35,0.78,2.5,-1.81,0.11,0.73,2.5,-0.05,-1.17,-2.5,-2.42,-1.33,2.5,2.5,2.5,2.5,-1.2,-0.45,-0.59,-2.05,-0.01,2.5,-0.11,1.05,-2.5,0.12,-2.45,-1.51,-0.08,2.5,0.99,2.5,-1.7,-2.5,2.11,-1.43,-2.5,-0.78,2.23,-2.5,-2.5,2.5,-1.42,-0.41,2.34,-1.23,-2.09,-2.5,2.26,2.5,0.05,-0.49,-1.65,0.61,-2.5,1.87,1.95,-2.5,0.04,0.93,-1.37,-2.5,0.78,0.94,0.38,1.18,1.15,-0.75,2.33,-2.5,1.97,-2.5,-2.09,1.33,1.84,-2.16
HCT116,-0.89,-2.5,1.46,2.28,0.01,-0.97,2.33,-1.08,0.03,-1.87,-1,0.67,0.46,-0.85,-0.37,-0.24,0.66,-1.22,-0.11,-1.18,0.66,1.75,0.4,-0.49,0.74,-1.09,-0.38,0.4,2.29,-0.83,2.5,2.11,0.3,-0.75,0.29,1.29,-0.99,0.58,-0.79,0.59,-1.73,-1.35,-1.67,-0.16,1.9,1.02,-0.17,0.54,-1.29,-0.78,-0.93,0.12,-0.36,0.56,-1.6,-0.87,-0.43,-0.43,-0.53,0.49,0.03,0.27,-0.74,0.21,0.56,2.5,1.3,0.22,-0.74,-1.15,0.51,0.46,0.43,-0.08,-0.02,0.59,-0.14,0.31,1.39,1.68,0.41,0.29,-1.33,-0.43,-1.07,-1.25,-0.25,1.52,-1.02,1.86,-0.85,0.91,-1.71,-0.73,-0.06,1.2,-0.79,-0.57,1.39,0.88,1.53,0.62,-0.28,-0.61,0.61,0.73,-0.96,0.95,1.77,-1.1,0.98,-1.5,2.5,2.5,-1.51,0.99,0.41,-1.1,0.62,-0.3,2.32,-0.23,-1.03,-0.7,0.45,0.34,-1.46,0.14
HUH7,-0.73,0.12,0.04,0.68,0.94,-0.07,0.54,-1.74,-0.24,-0.03,0.47,-0.58,0.81,0.68,-0.64,0.99,-0.06,0.93,-0.06,-1.66,1.16,-1.06,-2.16,0.06,0,-0.75,-0.46,1.02,0.08,-0.89,1.76,2.05,1.92,-0.5,-1.4,-1.84,0.79,1.17,0.13,0.49,-2.06,-0.68,-1.54,0.1,0.34,-0.11,1.51,-1.08,0.82,0.36,-1.21,-1.49,0.43,-1.08,0.02,0.43,0.18,-2.15,0.18,0.09,2.4,0.28,-0.11,0.2,0.83,-0.36,2.04,-1.28,2.25,0.26,-0.02,0.67,2.01,-0.46,-0.25,0.25,-2.5,1.23,0.17,-1.29,-2.5,-1.26,0.87,0.83,1.81,-1.09,0.48,-0.49,-0.19,0.19,-0.4,1.08,-1.58,-1.89,0.13,1.88,-2.5,2.5,0.54,-0.56,0.96,1.34,-0.9,-1.12,1.47,1.37,-1.34,0.11,-0.14,1.3,-1.05,-0.45,1.42,0.12,0.14,1.27,0.71,1.44,2.5,0.12,0.96,-0.52,1.36,0.5,0.83,-0.9,-0.78,1.05
WM115,1.52,-1.32,-0.59,0.35,-0.56,0.83,-0.13,-0.15,-0.08,-0.84,2.5,1.05,0.34,-0.35,-1.43,-0.82,1.1,1.52,0.14,1.05,-1.53,-0.34,-0.6,0.56,1.99,-1.19,0.53,0.73,-1.26,-1.28,0.57,-1.12,0.52,-0.37,0.55,-0.61,0.08,-0.95,-0.93,-0.25,2.5,0.34,1.47,0.68,-0.33,-0.54,-0.06,-0.1,-0.86,0.86,-0.57,0.5,-0.11,-2.5,0.91,-1.72,0.09,1.98,0.85,-0.56,-0.62,-1.24,1.26,0.19,-0.4,2.04,-0.03,0.02,1.5,0.28,-0.82,0.63,0.51,-0.94,0.05,-0.06,0.09,0.3,1.7,1.38,-0.89,1.57,0.71,-0.05,1.15,-1.39,-1.32,1.29,-0.13,0.49,0.22,-0.84,-0.21,-0.08,1.2,-1.9,-0.56,1.42,-0.28,-1.64,-0.14,1.15,-1.21,1.29,-0.12,1.5,-0.54,0.22,-0.63,-0.28,0.51,0.58,-1.06,-0.8,1.58,-0.53,-0.13,-0.26,-0.46,1.37,0.65,-0.08,-0.48,-0.22,-0.01,-1.57,-1.27,0.21
NCIH1650,-1.85,-1.35,-0.36,-0.89,-0.79,-0.75,2.5,-1.76,-0.89,-0.6,-1.12,2.39,-0.65,-0.28,-1.15,-1.48,1.62,-0.59,-0.74,1.49,1.23,0.87,-2.38,0.04,2.26,0.77,-0.23,0.66,0.14,-0.62,-0.26,1.11,2.3,-0.86,0.23,-0.25,-0.48,-0.37,-1.07,1.95,-1.64,2.41,-0.66,-1.86,0.86,-0.16,-0.04,0.12,1.35,1.87,-0.33,0.61,1.48,-0.99,-0.24,0.79,0.27,-0.13,-0.75,-0.03,0.83,-0.56,-2.5,-0.55,0.25,0.29,0.71,0.18,0.28,-1.7,-0.25,0.31,1.11,1.36,1.13,0.75,0.21,-1.55,-1.2,0.66,-0.69,1.69,0.31,0.72,-1.26,-0.84,0.38,1.21,0.86,1.37,-1.89,-2.04,-0.98,-1.26,0.21,0.37,-0.38,0.49,0.32,-0.78,-2.33,0.62,2.5,-1.45,0.53,-0.77,2.05,2.19,-1.52,-0.49,-2.41,-1.2,-0.04,1.5,0.48,-0.34,0.81,0.63,-2.01,1.03,1.5,0.83,0.33,0.47,0.16,-0.83,-1.46,0.55
PC3,-0.9,0.73,1.23,-0.6,-0.38,-1.02,1.71,1.09,-0.12,-0.1,0.2,1.06,-0.02,-1.4,0.64,-2.12,-2.5,1.1,0.06,0.05,1.34,-0.7,-0.61,-0.89,0.55,-1.13,-2.02,-0.96,0.37,-0.99,0.71,1.17,1.54,0.72,-0.59,-0.27,-0.1,-0.35,0.67,-0.08,-0.58,-0.95,-1.43,0,0.51,-1.27,0.58,-0.63,-1.17,2.03,0.5,-0.53,2.5,-1.79,-0.57,-0.13,1.4,-1.45,-1.13,1.13,1.54,-0.09,-0.23,0.38,-0.47,-0.4,0.5,-0.34,-0.11,1.72,-0.89,1.72,-1.56,-0.54,0.37,0.16,-0.02,0.53,2.5,-0.46,1.28,-0.94,-0.67,-1.97,1.98,1.47,0.45,0.4,0.76,0.66,-0.95,-0.58,-0.27,-0.59,-0.24,-0.57,0.55,1.31,-0.49,-0.15,2.28,-0.88,-1.43,-0.5,-1.27,0.48,-0.5,0.07,-2.5,-0.74,-1.87,-0.56,0.9,1.18,1.01,0.5,0.99,-0.58,-0.54,-2.5,0.16,1.09,-0.94,-0.1,0.18,-0.32,-0.1,1.43
MCF7,1.22,1.8,0.18,1.17,-0.22,-0.66,1.49,0.88,1.92,-1.05,-0.42,-0.07,0.48,-0.04,0.32,-2.35,0.28,1.36,-1.2,-0.23,-0.43,0.16,2.5,1.36,1.43,2.5,-0.95,-0.73,0.04,-0.26,-0.56,2.4,1.26,0.46,1.08,0.59,0.06,0.39,-1.16,-1.08,-1.11,1.4,-0.16,0.63,-1.23,1.45,-0.66,0.69,-2.48,0.01,1.23,-0.26,0.16,0.88,-0.06,-0.18,1.25,2.49,-1.47,0.3,0.14,1.07,0.63,-0.11,-1.41,-0.29,-0.86,0.71,0.91,-1.2,-0.66,1.3,-1.21,-0.71,-1.68,-0.3,-0.58,-2.19,-0.16,0.49,0.21,-1.62,-0.76,-1.31,0.28,2.5,0.29,0.11,0.51,-0.26,0.11,-1.89,-0.8,1.94,-1.36,1.42,0.26,-2.08,0.39,-0.11,1.04,1.78,0.34,-1.49,0.11,-0.31,-1.03,0.94,0.6,0.69,-0.37,-1.16,-0.42,1.38,-1.07,-0.14,-0.32,-0.94,-0.63,0.65,0.02,-1.27,1.26,-0.41,-2.19,0.02,-2.5,1.34
NCIH522,0,-0.58,0.71,-2.5,-0.2,1.16,-0.34,0.07,-0.88,-1.31,0.05,1.07,0.43,0.66,-2.36,-0.88,1.11,1.29,-0.53,2.5,-0.81,0.41,-0.94,-0.59,1.74,-1.28,-0.92,-0.71,0.26,0.86,0.96,-0.64,1.51,0.09,0.45,-2.38,-0.43,0.41,0,-0.24,0.52,-0.53,-0.67,-0.69,-0.65,-0.73,-0.7,-0.58,-0.29,1.16,0.51,-0.04,-0.69,-0.66,-1.61,0.3,-0.45,0.1,-1.14,-0.11,0.46,-0.58,-0.34,0.78,-0.42,1.98,-0.89,0.73,0.36,-1.3,-0.94,0.88,-1.24,0.27,-1.4,-0.63,1.13,-1.44,0.84,-1.3,0.75,0.44,-0.78,0.74,0.61,-1.11,-1.21,1.39,-1.64,0.73,0.31,-0.95,-0.34,-1.36,1.03,0.07,-1.18,-0.88,0.02,-0.4,0.8,0.57,-1.17,1.74,-0.17,-0.18,-1.64,2.25,-1.86,0,0.13,-0.9,-1.09,0.19,-2.11,-0.49,-0.77,-1.05,1.31,-1.54,0.88,-0.42,-0.23,0.89,0.67,-0.86,-0.59,-1.18
HDLM2,-0.94,-0.52,0.12,-0.06,-0.42,0.68,0.68,-1.16,-1.26,0.3,0.65,0.26,0.1,1.48,-0.46,1.43,-0.75,0.71,-1.47,1.1,-1.37,0.64,0.05,1.26,-0.43,-0.56,-1.17,0.96,0.64,-1.37,0.57,1.19,-0.21,-1.14,-1.48,-0.9,0.36,0.1,0.69,1.11,-0.65,0.77,-0.13,-0.47,1.89,-2.5,-0.34,1.17,-0.54,1.92,0.35,-1.96,0.07,0.83,-1.57,-0.4,-0.04,0.08,0.79,-0.66,2.17,0.75,1.11,0.05,-0.38,-0.5,-0.52,-0.5,-0.95,0.8,2,1.23,-0.16,1.8,0.34,-0.85,-2.32,-0.52,-1.52,-2.06,-0.75,2.5,-1.73,0.28,-0.75,0.9,0.92,-0.85,-2.5,0.13,0.17,0.62,-0.12,1.48,-0.45,-0.35,0.88,-1.17,-0.97,2.5,1.82,0.86,-0.14,-1.55,0.84,1.38,1.67,-0.66,-0.73,-0.7,1.19,-0.13,-0.32,-1.2,0.66,-0.31,0.81,0.01,0.82,-0.76,-1.23,0.16,0.38,1.47,0.87,1.32,-0.99,0.68
RPMI8226,-0.77,-2.01,-0.68,0.03,-1.74,0.33,2.5,-1.34,0.08,0.7,0.71,0.43,0.5,2.5,-1.78,-1.54,-2.5,2.5,-0.16,2.5,1,-2.5,-2.18,-2.5,1.61,1.01,-1.72,2.19,-0.22,0.02,0.13,-0.82,-0.98,2.5,0.38,-0.59,2.5,1.04,-0.27,-0.74,-2.5,-2.15,1.89,-2.5,-1.03,-1.41,0.59,-0.08,-2.08,2.5,-0.45,-0.52,1.75,-1.33,1.71,2.5,-2.5,-2.5,1.21,1.7,0.25,0.35,1.21,-2.5,1.16,1.69,-2.5,-2.5,-2.5,2.5,0.55,-2.5,2.5,-2.5,-0.85,-1.83,2.5,2.07,-2.5,2.5,-1.9,0.86,-2.5,-2.2,-0.48,-1.92,-2.5,-2.5,0.07,2.5,-2.5,1.03,-1.73,1.45,-2.5,1.07,1.42,-1.91,2.13,-0.64,1.74,1.3,0.24,2.5,-0.07,-1.76,-0.98,-2.5,-0.2,-0.56,-2.5,1.37,-2.5,-1.12,2.2,0.97,-0.35,-1.99,-0.76,-2.5,1.74,-0.12,2.13,-0.76,-1.71,-1.7,-1.28,-0.19
RPMI7951,0.23,-0.02,-1.22,0.95,-0.38,2.34,-0.95,-0.97,1.15,-1.06,-0.53,0.62,-0.08,-0.77,0.31,-0.16,-0.15,2.32,1.13,2.18,-0.48,2.5,-1.31,0.79,1.68,0.78,-1.8,0.59,-0.89,2.46,-0.39,-0.08,0.36,-0.42,0.21,0.15,0.16,-2,0.19,1.21,-1.03,1.24,1.22,0.13,1.2,-0.47,-1.69,1.2,0.42,1.31,-0.29,-0.68,0.23,0.49,1.09,0.51,1.31,1.48,-0.14,-0.37,0.08,0.65,-1,-0.76,-1.42,1.17,-0.53,0.46,-0.36,-1.13,-0.76,-0.57,0.53,0.47,1,-0.76,-0.73,1.12,0.67,2.48,0.15,1.32,0.99,0.44,-1.1,-2.5,0.92,-0.57,-0.44,0.33,2.5,0.49,-1.13,2.21,-2.31,-0.84,-0.62,0.76,0.46,0.65,2.04,0.39,0.35,-0.2,-0.99,0.93,0.1,0.46,-0.26,0.89,1.1,-1.77,0.34,0.07,-1.38,1.14,-0.49,0.69,0.41,-0.89,1.6,-0.94,-1.49,1.54,-1.64,-0.09,-0.13,-2.4
LOVO,0.68,0.03,-1.1,1.5,0.67,1.13,0.88,-0.99,-1.52,-1.25,-1.26,-1.49,-1.01,0.35,0.35,-1.16,0.08,1.89,-0.82,0.34,-0.37,-0.37,0.71,-0.25,1.07,-1.83,-1.75,-1.84,-0.45,-0.21,1.76,2.27,1.22,-0.27,-0.08,0.67,0.7,0.88,0.08,-1,0.58,0.94,-0.28,-0.95,-1.01,0.15,-0.12,-0.53,-0.74,0.39,0.49,-1.24,-0.43,-1.38,-0.94,0.39,-0.92,-1.19,-0.07,-1.55,0.66,0.74,0.27,-2.22,-0.09,1.18,1.74,0.85,1.1,-1.52,0.27,2.5,0.17,0.76,1.58,0.63,0.95,-1.94,-1.4,-0.91,-0.03,0.63,-0.47,0.67,-0.3,0.33,2.01,-0.59,-0.87,-0.35,-0.45,0,0.8,1.08,2.09,0.13,0.26,-2,-2.34,0.64,-0.1,0.44,-1.87,-1.4,0.79,0.49,0.19,0.83,0.13,0.07,-1.1,0.95,1.62,1.01,1.64,0.16,0.17,1.63,1.91,2.5,0.34,-0.21,-0.64,-1.27,-0.57,-0.46,-0.26,-0.95
IGROV1,-0.76,0.65,0.04,0.37,-0.67,0.6,2.02,-0.39,1.43,-0.95,-0.67,-2.33,0.76,0.98,0.61,-0.94,-0.87,0.23,0.9,-2.5,-1.07,0.52,1.55,-0.8,1.96,-1.05,-0.95,1.34,1.51,-0.25,-1.71,1.7,-0.24,0.44,-0.57,-1.19,-1.05,-0.35,-1.14,-2.5,0.65,0.02,-1.72,1.52,0.62,1.16,1.8,-1.59,-0.33,-0.47,-0.99,0.33,1.09,-1.32,0.42,0.31,-0.6,-1.06,-0.2,0.17,1.48,0.1,-0.54,-0.82,0.35,0.75,-0.54,0.39,-1.54,-0.31,-0.14,0.6,1.28,-0.05,0.56,-0.62,0.33,-0.36,-0.25,-1.09,-1.62,-0.89,-0.25,0.14,-0.08,0.51,1.45,-1.84,0.03,-0.72,-0.25,-1.86,0.55,0.12,-0.75,0.29,-0.45,-0.23,0.91,-0.35,-0.59,-0.12,1.06,-0.07,-0.97,-0.48,-0.22,0.23,-0.42,-0.22,-1.48,-1.54,0.91,1.21,0.82,-1.72,-0.45,0.33,-1.38,-0.55,0.02,0.08,0.48,-0.13,-0.48,-0.55,-1.28,0.17
BT549,-1.1,1.17,-0.32,0.8,-1.52,1.03,1.73,-0.02,-0.24,-0.08,-0.28,0.19,0.3,-0.52,-1.93,-1.92,-0.96,0.14,2.19,-1.56,-2.13,1.34,-0.74,1.04,-0.49,-0.2,-0.75,0.04,1.5,0.73,-1.93,1.72,1.07,1.79,0.26,1.35,-0.37,0.72,-1.05,-0.02,-0.12,-1.07,-0.51,-0.18,0.87,-0.14,-0.38,-0.72,-0.2,1.64,-1.06,-1.69,0,-0.46,0.16,-0.06,0.94,0.17,-0.74,1.53,-0.62,0.48,-1.64,0.92,1.14,-0.39,2.5,-2.2,2.12,-0.15,0.52,2.44,1.06,0.88,-2.5,-0.02,0.83,2.5,1.19,1.8,0.47,-1.18,-2.5,-0.41,0.75,-1.53,-1.14,0.9,-0.23,0.5,-0.13,-0.26,-1.5,-0.33,-0.12,-0.27,-0.31,-0.81,-1.77,0.33,0.68,-1.35,-1,1.71,-2.01,-1.03,-0.46,-2.5,-0.7,0.04,0.05,-0.53,1.26,0.94,1.68,1.2,0.23,2.1,-0.79,-0.14,1.09,-1.1,-0.01,1.18,0.38,0.9,0.87,-0.01
KM12,-0.88,0.44,0.52,-0.27,-1.87,-0.75,0.2,2.16,2.4,0.79,-0.12,0.43,0.77,0.72,-0.16,0.05,-0.73,0.92,-0.07,-0.22,0.04,0.62,-0.11,1.89,-1.07,-0.51,-1.42,1.22,0.13,-0.09,2.03,1.45,-0.81,1.79,-0.66,-1.35,0.29,-0.81,-2.5,0.24,0.04,0.35,-0.37,-0.87,-0.23,-1.2,0.24,-0.1,0.42,-0.3,1.19,-0.58,1.14,-0.72,-0.63,-0.32,0.18,0.94,-0.16,-0.56,-1.95,1.89,0.28,-0.32,0.08,1.07,-0.5,1.41,0.56,0.86,0.23,0.31,0.05,-0.37,-1.49,0.31,1.59,0.37,1.63,0.08,-0.27,1.75,0.28,-0.14,0.13,0.37,0.24,-1.88,-0.45,-2.5,-0.42,-0.12,1.74,0.69,-1.21,2.11,-0.11,0.32,1.41,1.57,1.61,-0.48,-2.01,-1.46,-0.86,-0.74,2.5,-1.02,1.55,0.66,-0.82,-1.87,0.93,0.62,-2.19,1.79,-0.42,1.78,0.4,-1.27,1.27,-1.59,0.65,-0.44,1.85,1.48,-0.24,-0.4
KPL1,-0.87,-0.67,-0.6,-0.24,1.48,-0.28,0.49,-1.63,0.05,0.97,-1.58,-0.02,2.48,0.01,0.98,-0.62,2.45,-1,0.85,-0.15,-0.8,-2.5,0.36,0.63,0.77,-0.59,-1.24,-0.89,-0.4,-1.07,0.92,1.89,0.7,0.09,0.9,-0.14,-0.74,1.42,0.13,0.11,0.07,0.62,-2.3,0.7,-1.33,-1.32,1.43,1.23,-0.53,-1.45,-1.89,-2.5,0.68,-1.2,2.5,-0.81,0.88,-0.84,-0.24,0.08,-2,0.43,-1.89,-0.77,-0.46,-0.47,1.28,0.47,0.57,0.17,-0.78,1.47,0.72,2.21,-0.51,-1.27,-2.09,-0.67,2.02,0.94,-0.12,-2.5,0.34,1.88,-0.48,0.77,-0.62,-0.89,-1.57,-0.36,-0.64,-0.44,-0.83,0.81,-0.85,-0.35,0.08,-0.55,2.5,0.21,-0.64,0.47,1.35,0.11,-1.57,1.1,0.3,-0.1,2.5,-0.64,-0.27,0.17,0.12,1.85,1.67,1.27,0.21,-0.2,0.39,-0.26,0.54,2.5,2.37,0.35,0.03,-1.66,-0.71,-2.5
SKMEL2,-0.62,-1.31,1.23,2.5,0.05,0.29,-0.69,-0.3,-1.18,0.16,2.5,0.68,-0.2,0.94,0.24,0.13,-0.9,-0.73,0.17,1.07,1.65,0.75,-1.35,-0.26,-0.48,-1.08,1.67,2.5,0.12,-2.5,-1.61,1.27,-0.84,-0.57,-0.96,-1.97,0.3,-0.01,-0.88,-1.3,-1,0.13,-2.06,-1.23,-0.73,-1.39,-0.47,-1.46,-0.18,-1.29,-2.31,0.67,2.4,-1.71,1.73,-1.11,-0.4,-1.61,-1.06,-0.91,0.6,2.02,-0.2,0.22,-0.65,0.49,-0.46,-0.11,-1.12,-1.41,-0.66,-0.55,-1.16,-2.15,-0.2,-2.5,0.84,0.26,-1.93,0.06,-0.14,-0.3,0.28,-1.86,-0.79,2.2,-0.84,0.51,0.75,-1.08,0.92,0.45,-0.35,-0.85,-0.15,1.81,1.84,-0.22,0.03,1.63,-0.44,-1.35,-1.78,-0.66,1.07,0.64,0.38,0.44,-0.73,-0.62,-1.75,-0.65,1.19,-0.09,-0.67,2.45,0.07,-0.56,-0.15,0.29,-1.76,1.26,-0.23,2.3,-1.41,1.39,-0.42,0.53
MDAMB231,-2.5,-2.36,2.42,-2.11,0.33,-2.1,1.73,2.5,2.5,2.11,2.5,2.5,0.61,-0.5,0.82,-2.5,0.92,-1.3,2.5,1.92,2.5,2.4,-1.25,-0.14,2.5,-2.29,0.49,2.19,2.5,2.5,2.32,2.5,1.52,1.02,2.5,0.19,-2.5,-1.41,-1.41,1.12,-0.86,0.68,-0.94,0.68,0.01,0.1,2.5,0.47,2.5,0.43,-0.99,1.35,-2.5,2.5,0.36,-0.13,1.8,-1.53,-2.5,-1.01,-2.5,2.5,-1.05,-0.08,-2.5,-1.03,-0.79,0.41,2.5,-1.33,0.22,-2.23,-2.5,1.55,-0.5,-1.64,-0.06,2.5,2.5,-0.69,-1.73,1.75,-1.58,-0.5,-0.88,2.5,1.43,2.24,-0.92,-0.64,-0.69,0.15,-1.54,-2.5,0.99,-2.5,-0.07,-2.5,1.26,2,2.08,0.28,-0.15,0.84,1.58,-1.32,2.5,2.28,-2.5,-1.66,2.5,-1.53,2.5,0.82,2.06,-0.66,2.5,2.5,0.93,-1.58,1.16,-1.75,2.11,1.56,-2.5,2.5,0.74,1
HL60,0.48,1.16,0,2.04,1.51,-1.35,2.4,0.35,0.17,-1.56,-0.09,-0.06,-0.78,0.53,0.17,0.21,0.52,0.98,0.3,-1.42,-0.21,0.6,0.34,-1.17,-0.77,-0.59,-0.24,-1.57,-0.18,0.85,-1.4,-0.57,-1.15,-0.19,0.55,0.89,1.14,0.06,-1.21,1.96,-0.25,1.72,0.07,0.08,-0.75,-0.61,0.58,-1.34,-1.01,2.07,-0.17,-0.81,-0.98,-0.08,-0.95,0.49,1.3,-1.42,-0.69,0.89,0.59,0.51,-1.72,-0.85,0.13,-0.1,-0.12,1.22,-1.25,-0.65,1.19,0.39,-2.48,-1.03,0.81,-1.45,0.33,-0.75,-0.25,-0.54,-0.51,0.98,-0.34,-0.44,-2.43,1.29,0.59,-2.05,-0.2,-1.43,0.66,-0.1,-1.58,-2.22,-0.49,1,-0.13,0.53,-1.33,0.38,-0.8,0.29,-0.08,-0.17,1.39,-1.76,-0.94,-0.72,1.27,-0.84,-1.55,0.66,-1.7,-0.71,-0.58,-0.75,0.88,-0.3,0.4,-0.6,-0.21,-1.26,2.34,-2.2,1.86,1.39,0.87,0.82
OVCAR8,-0.27,0.57,1.6,-0.92,-0.88,-0.34,-0.39,0.57,0.72,-1.18,-0.61,-2.5,-0.61,0.38,0.16,1.12,0.83,0.13,0.24,-0.76,1.5,-1.72,-0.27,0.67,1.56,0.87,-2.5,-1.18,1.17,-2.09,-1.01,1.62,-0.6,2.48,0.51,2.27,1.51,1.43,1.51,-2.12,-1.39,-2.5,0.31,-0.64,-0.89,0.14,0.08,-1.27,-0.95,1.28,0.52,1.24,1.54,-0.55,-1.6,-0.14,0.85,-0.25,1.32,1.74,-1.49,0.15,-0.5,0.82,0.62,1.03,-0.13,0.45,-2.29,-0.43,0.48,-2.5,-1.91,-0.41,-0.75,0.78,1.46,-1.53,-0.95,-2.5,-0.01,-0.37,0.22,-1.6,-0.25,1.55,0.37,0.27,0.65,-0.26,-2.07,-1.5,0.69,-1.02,-0.86,1.41,-0.11,-1.08,-0.45,1.58,-0.79,0.32,-0.98,-1.33,-0.38,1.09,-2.48,0.11,0.12,-0.98,0.78,2.1,-1.17,0.38,-2.11,-0.73,0.7,-2.14,0.97,0.02,-1.39,1.33,0.88,1.31,-2.5,0.65,0.72,1.7
K562,1.26,0.66,0.1,0.35,-0.18,0.26,1.83,1.28,-1.5,1.43,-0.2,-0.26,-0.32,0.3,-1.94,0.23,-0.08,0.53,-0.44,-1.15,-0.3,1.65,-2.26,0.25,-0.41,-2.5,-0.6,-2.34,-1.7,0.97,0.06,0.48,-0.81,1.06,1.79,-0.61,-0.85,0.94,0.47,0.29,-0.19,1.95,-1.21,-2.26,1.04,0.36,-1.1,0.14,-0.33,-0.06,0.62,-1.2,0.66,1.03,-0.38,-0.1,-1.53,-0.48,0.03,-0.31,-0.83,-1.11,-1.31,-0.6,-0.93,0.64,1.67,1.88,0.07,-0.78,-0.1,0.68,-0.43,-0.6,1.14,0.18,-1.81,-1.64,-0.07,-0.78,0.13,0,-1.28,-1.22,-1.69,0.61,1.69,1.77,0.29,1.07,-0.49,2.5,-0.17,2.27,-0.8,1.42,-0.27,-2.15,-0.01,1.36,-2.25,1.45,0.04,-0.61,-0.99,1.2,-0.48,0.13,1.48,-0.63,-0.71,2.5,-0.17,0.73,1.02,-0.68,1.02,0.23,0.44,0.13,0.61,-1.31,-0.73,2.27,-0.36,-0.29,0.29,-2.26
HCT15,2.5,0.33,0.36,0.3,-0.21,-0.35,1.2,0.84,0.22,-1.43,-1.99,-1.16,-1.17,0.32,0.51,0.62,0.46,0.6,-0.21,-0.47,-0.9,1.33,1.32,-0.24,0.81,-1.63,0.16,0.09,-0.3,0.26,-0.36,2.05,-2.5,0.39,0.33,1.07,0.14,1.32,-0.3,0.54,1.71,-0.11,0.26,-0.08,1.39,0.27,-0.82,-1.4,-0.63,-0.02,0.44,-0.39,-0.19,0.03,-2.5,1.71,0.29,-2.12,2.5,-0.55,2.5,-1.44,0.1,0.79,-1.21,0.06,-0.1,-1.55,-0.82,-1.47,-1,-0.35,1.13,-1.68,0.82,0.04,0.6,-0.95,0.48,2.18,-1.2,0.19,0.14,-2.5,0.88,0.06,0.11,-0.53,0,0.34,-0.77,-0.59,-0.17,0.98,-1.81,2.06,-0.55,-1.18,1.41,-0.29,0.65,0.82,-0.96,-0.25,0.92,0.81,-0.8,-0.76,-0.29,-0.06,0.33,-1.64,0.73,-0.57,0.59,0.41,-2.5,-2.18,-1.13,-1.93,-0.76,0.1,-0.25,0.2,1.47,-0.54,-1.69,2.08
T98G,-0.48,0.18,2.02,-1.35,0.63,0.48,1.19,-1.4,0.36,-0.41,-0.3,2.09,-0.72,-1.22,1.14,-1.41,-0.28,0.62,-0.95,-0.45,1.14,0.7,1.13,1.23,1.89,-1.18,-0.45,-0.65,-0.53,0.93,-1.34,0.57,0.37,-2.15,0.42,-0.13,0.86,2.23,0.32,-1.22,-1.61,0.81,-0.45,-1.38,1.19,1.85,1.65,2.5,0.5,-1.3,-0.6,0.55,0.41,-0.02,-0.86,1.44,-0.66,-1.01,-0.6,1.29,1.1,-0.47,-0.84,0.37,0.14,-0.71,-0.53,0.43,-1.11,0.35,-0.65,-1.72,-0.52,1.12,-1.14,-0.58,-2.04,0.63,-0.35,0.1,-0.18,1.04,-0.48,-1.52,1.44,2.12,-0.55,1.29,0.24,-0.66,-1.14,0.2,-0.67,-0.54,0.43,1.74,0.58,-0.63,1.76,1.27,1.81,0.52,1.16,0.12,0.47,0.57,-2.5,-0.73,-0.11,0.41,-2.16,-0.78,1.75,0.03,-0.8,-1.64,-0.93,-0.47,0.33,0.96,-1.17,-0.21,1.19,-2.5,-0.47,-0.22,-0.76,-1.25
NCIH520,-0.12,0.06,0.44,0.64,-0.33,0.43,1.25,-1.84,1.53,-1.58,-0.83,-1.34,-0.32,-0.62,0.94,-1.57,0,0.42,-0.08,-0.16,0.82,1.16,-0.52,1.37,1.45,-0.03,-1.15,-0.28,-0.94,0.56,-0.81,2.37,0.2,-0.81,0.38,2.33,0.14,0.35,-0.47,1.66,-1.88,-0.83,0.54,-0.32,0.58,-1.28,-1.41,-1.31,0.8,0.32,0.35,-0.67,2.03,0.62,-0.2,-1.97,-0.29,-0.95,-1.98,0.44,-1.48,1.24,-0.46,-0.16,-0.71,-0.08,0.07,0.75,-1.01,-1.13,-2.5,-0.2,-1.59,0.7,0.2,-1.88,-0.94,0.02,0.28,-0.04,-0.43,0.73,-1.01,-0.63,0.6,-2.5,-0.61,-0.13,0.79,-1.08,-1.02,-0.27,1.04,-0.02,-0.54,0.87,0.6,-0.92,1.3,0.51,0.64,1.17,-0.49,1.71,1.45,0.07,-0.03,-0.61,-0.82,-1.39,0.64,0.64,-1.79,0.24,1.28,-0.55,-0.28,0.21,1.64,-0.96,0.28,-0.67,1.34,-1.85,1.16,-0.54,-0.64,-1.13
SW620,-0.41,-0.84,0.46,2.42,1.53,-0.76,1.64,0.81,0.09,-1.2,0.32,1.73,1.44,-0.63,0.06,-1.54,-0.83,-0.71,0.57,-0.64,0.46,0.38,-0.64,0.46,-0.91,0.49,-1.62,0.78,1.28,-0.2,-1.12,0.24,1.69,-1.32,-1.85,-0.77,-0.03,1.4,-0.72,0.14,-0.83,-2.4,0.3,0.05,-0.78,0.6,0.08,-1.37,-1.76,1.47,2.5,-0.89,0.1,-0.2,0.5,-0.2,-0.03,0.58,-1.28,-0.88,-0.59,0.93,0.44,-0.02,0.61,0.41,1.07,-0.02,0,-2.27,-0.55,-0.44,1.05,-1.17,0.34,1.78,1.53,-1.26,-1.22,-1.27,0.81,1.28,-0.27,0.37,0.59,1.27,-0.83,-0.17,-0.88,0.2,-0.67,-0.48,0.17,-1.34,0.69,0.58,-0.77,-0.76,1.02,0.01,0.1,-0.1,-0.27,2.5,-0.79,0.27,1.31,1.22,0,0.09,-1.06,-0.89,-0.26,0.07,1.48,-0.17,0.35,-0.85,2.47,0.5,0.76,-0.19,1.68,0.79,0.15,0.26,1.93,0.3
DLD1,-0.17,-2.5,-0.96,2.5,-2.5,-0.14,-1.08,-2.5,2.04,-2.5,-2.26,0.13,-2.5,-0.14,2.5,-1.09,2,-1.95,-2.5,0.16,1.68,2.5,-2.5,-0.01,-1.28,-2.5,-2.5,0.97,-1.37,-0.86,-2.5,-0.64,1.63,-0.35,-0.29,0.8,-0.86,-0.41,-1.99,-2.5,0.96,2.5,-2.5,0.66,2.5,1.44,0.26,2.5,-0.65,1.38,1.4,0.32,2.37,-0.67,1.79,0.46,2.5,0.06,-1.33,1.29,-1.93,1.09,2.5,-0.56,-0.91,-2.5,-0.15,-0.62,1.72,2.16,-2.08,2.5,1.97,2.39,2.5,-2.5,-1.07,-0.35,0.34,-1.15,-2.38,2.42,2.5,0.13,-0.49,-0.26,0.6,0.75,2.5,-1.71,1.07,2.5,0.65,-1.31,-1.62,0.78,-2.5,-0.98,0.45,0.33,0.73,-2.5,2.5,-2.5,-2.5,0.94,-1.95,1.96,2.5,-1.43,1.91,-2.5,-2.32,1.42,0.42,-2.5,2.49,-2.3,0.72,-1.01,-1.5,-0.78,2.49,-1.84,1.49,-2.2,-2.5,0.44
TC71,-0.08,-0.46,-1.37,-0.64,-2.48,0.92,1.42,-0.29,2.5,-1.61,0.57,0.17,0.39,-0.62,-2.5,-1.35,-0.39,0.23,0.59,1.74,-0.52,-0.59,1.05,0.73,-0.96,0.63,0.23,-0.77,0.05,-1.41,1.25,1.45,-0.71,-0.3,2.36,-0.96,0.84,-1.5,0.3,-0.16,-0.55,0.58,-0.5,0.72,-2.5,0.71,-0.56,-0.12,-2.06,-0.91,-0.78,-1.69,2.04,0.56,0.4,-2.4,-2.06,0.61,-2.5,-1.07,0.92,0.03,0.71,-0.61,-0.69,1.41,-0.41,0.14,-1.27,0.43,-0.76,1.84,-0.4,-2.08,-0.1,-0.37,-1.3,1.99,-0.34,1.23,0.45,1.55,1.09,-0.23,0.46,0.66,-1.36,1.54,-0.21,2.29,0.46,0.23,-2.5,-0.59,0.68,-0.1,-2.04,-1.37,0.88,-1.19,0.01,1.12,-0.13,0.79,1.49,0.7,1,0.19,-0.18,1.4,-0.76,-0.49,0.15,0.5,1.07,1.34,-1.08,0.01,-0.36,-1.21,-1.71,1.2,-0.84,1.21,-0.07,-0.55,0.11,0.6
UACC257,0.34,-1.24,-1.4,-1.27,0.78,-3.15,-0.78,1.61,0.07,-2.45,0.4,0.17,-1.29,6.01,-3.17,0.79,1.54,1.04,-1.3,-1.71,-3.49,0.5,-0.86,-0.7,-0.11,-1.73,0.27,-2.15,0.5,-0.96,-1.43,0.97,2.12,-0.75,-1.53,2.46,-0.4,1.05,-3.71,-0.69,-1.75,-2.27,0.08,-1.1,-1.8,0.01,0.28,-1.62,-1.36,0.5,-1.75,0.76,-0.09,0.31,-0.62,0.48,-2.64,2.28,0.36,-3.03,-0.59,-0.25,0.95,0.84,-0.79,-0.9,-1.56,-3.67,0.21,-1.06,-0.76,2.08,-1.29,-2.28,-1.21,-0.61,0.96,2.79,-0.94,0.74,-1.33,2.56,1.36,0.14,0.85,1.08,-0.77,-3.24,-1.42,4.59,0.09,-2.75,-0.88,1.47,0.93,-0.01,-0.65,-0.09,0.1,-2.33,-1.47,-2.41,0.08,0.21,0.41,1.81,-0.84,-1.12,2.26,0.9,-1.78,-0.49,3.38,0.03,-0.23,-1.04,1.63,-1.05,0.74,-0.42,1.58,0.14,0.96,6.39,0.9,-0.54,-0.52,2.83
